/*
SQLyog Ultimate v11.33 (32 bit)
MySQL - 10.4.32-MariaDB : Database - bsu_payroll
*********************************************************************
*/

/*!40101 SET NAMES utf8 */;

/*!40101 SET SQL_MODE=''*/;

/*!40014 SET @OLD_UNIQUE_CHECKS=@@UNIQUE_CHECKS, UNIQUE_CHECKS=0 */;
/*!40014 SET @OLD_FOREIGN_KEY_CHECKS=@@FOREIGN_KEY_CHECKS, FOREIGN_KEY_CHECKS=0 */;
/*!40101 SET @OLD_SQL_MODE=@@SQL_MODE, SQL_MODE='NO_AUTO_VALUE_ON_ZERO' */;
/*!40111 SET @OLD_SQL_NOTES=@@SQL_NOTES, SQL_NOTES=0 */;
CREATE DATABASE /*!32312 IF NOT EXISTS*/`bsu_payroll` /*!40100 DEFAULT CHARACTER SET utf8mb4 COLLATE utf8mb4_general_ci */;

USE `bsu_payroll`;

/*Table structure for table `adding_employee` */

DROP TABLE IF EXISTS `adding_employee`;

CREATE TABLE `adding_employee` (
  `id` int(11) NOT NULL AUTO_INCREMENT,
  `employee_no` varchar(50) NOT NULL,
  `last_name` varchar(100) NOT NULL,
  `first_name` varchar(100) NOT NULL,
  `middle_name` varchar(100) NOT NULL,
  `email` varchar(100) DEFAULT NULL,
  `rate_id` int(11) NOT NULL,
  `contact` varchar(20) NOT NULL,
  `department_id` int(11) NOT NULL,
  `date_hired` date NOT NULL,
  `address` text NOT NULL,
  `face_samples` longblob NOT NULL,
  `face_descriptors` longblob NOT NULL,
  `password_changed` tinyint(1) NOT NULL DEFAULT 0,
  `password` varchar(255) NOT NULL,
  `birthdate` date NOT NULL,
  `gender` varchar(20) NOT NULL,
  `nationality` varchar(50) NOT NULL,
  `emergency_contact_name` varchar(100) NOT NULL,
  `emergency_contact_number` varchar(20) NOT NULL,
  `profile_picture` varchar(255) DEFAULT NULL,
  `employee_stats` varchar(255) DEFAULT NULL,
  PRIMARY KEY (`id`) USING BTREE,
  UNIQUE KEY `employee_no` (`employee_no`) USING BTREE
) ENGINE=InnoDB AUTO_INCREMENT=62 DEFAULT CHARSET=utf8mb4 COLLATE=utf8mb4_general_ci ROW_FORMAT=DYNAMIC;

/*Data for the table `adding_employee` */

insert  into `adding_employee`(`id`,`employee_no`,`last_name`,`first_name`,`middle_name`,`email`,`rate_id`,`contact`,`department_id`,`date_hired`,`address`,`face_samples`,`face_descriptors`,`password_changed`,`password`,`birthdate`,`gender`,`nationality`,`emergency_contact_name`,`emergency_contact_number`,`profile_picture`,`employee_stats`) values (39,'EMP-3475','Mariano','Janine Kaye','Binatero','gajultos.garry123@gmail.com',16,'09420542776',5,'2024-11-13','upper bigte','30','',1,'$2y$10$HlBeBNdC7QSiJdbBq/sSI.eOD3V567uBvuUmHsOpjfKu4zipXe1Ba','2024-11-28','','','23','3','../uploads/Dinuguan.jpg','Part Time'),(41,'EMP-6601','Yu','King Mark','rodriguez','kingking2931@gmail.com',23,'09420542776',2,'2024-11-15','blk 16','30','',1,'$2y$10$oz1ZZr/loobrcKmANSZxTOdCgEr7FmEk4dqMPafZzakLJpip5.nO6','0000-00-00','','','','',NULL,'Part Time'),(45,'EMP-9237','Gajultos','Garry','Dela Torre','test1@gmail.com',18,'23',4,'2024-12-12','ee','','',0,'','0000-00-00','','','','',NULL,'Part Time'),(48,'2024-8689','GGWP','GGWP','','',18,'GGWP',6,'2024-11-30','GGWP\n','30','\0JFIF\0\0\0\0\0\0\0C\0			\n\n\n\n\n\n	\n\n\n\0C\n\n\n\n\n\n\n\n\n\n\n\n\n\n\n\n\n\n\n\n\n\n\n\n\n\n\n\n\n\n\n\n\n\n\n\n\n\n\n\n\n\n\n\n\n\n\n\n\n\n\n\0\0\0\"\0\0\0\0\0\0\0\0\0\0\0\0	\n\0\0\0\0}\0!1AQa\"q2#BR$3br	\n\Z%&\'()*456789:CDEFGHIJSTUVWXYZcdefghijstuvwxyz\0\0\0\0\0\0\0\0	\n\0\0\0w\0!1AQaq\"2B	#3Rbr\n$4%\Z&\'()*56789:CDEFGHIJSTUVWXYZcdefghijstuvwxyz\0\0\0?\0۷3|bm\ZE-;;\0(e\0a5<(N	\0jֿ2ߴxs\0e)[FĊ;8\'4+:ӻwzO<+9-cru*ԦӻwzOOk?x;M\0i??&;\0\0QM\0[iЗ>=?h϶OC\09???7|\0jHɡW]Ooo?s\03\0w\0o;S/+#D\0v+JcS8xx]Om\0[»Ȣ\0A?฿kx@g&\0*\0o?jxC\0&-k8!w-?*\nY\'SG}[ڨ|#\0	v8>:T[.̺\0̯E4~goTD|#\0zm?j\0M\0kunǅ=s\00^	Vi}ϯf\0\n8l&\0I\0_7#\Zt\0v]N&=A4e~]/|=6\0̗௅whϫXFxC\0\0&\0#\0n\0k]x@M\0kdd QAǥWB\0o\0\"s\00~\nxVhϬ&\0~ў<\0\0gW#\0	|q{e>MЏȺ\0^xVSK}]_O\0|vY\0|_ޑ3MxYvͧ?3~xZSK}]?o;A\0~d\0v*b@Ȩ$_v\0m?\0/<-\0M/\0?Ww\0M\0i\0tk8\0M\0knHRƬh\'OB?[O83Z)?>e\0i\r6\0^Xc09Ǽ\0\0_(|b<AhqYڂpU 	rҿ;x>Lķk5?;־id\'IO\rxrq)Ti;{gqo~\Z`c唣8Q(ԣ	4ֻ\0]\'9\0bke_s\0\\m#Lb_xM\0H\"=M[\0^Ϣa\0ƮW:_<Q4\' `g	kaF&C(5z\nh\ZE0jH?*A$KՄuEܳn@ղ\"Z\n6*ka\"*C#5P܊lcQ&8j%kX;\0R-zUHUNn}1Yع̫	-͸c֬Tl*~*[3sV(5lC19x\nKzfn)׬PNk4[z⺝bTY޵WcTcLR*)@9kz{PQ/̜LQܥ3֔*@w%G ǭxNX́	xk#\nTes,4(\"+;aU\0U\0P:N?-^]1<Ɠ\0Aj,\0_\0^j\0>GfV\0znG]\0q\'	gNu9c\\W_WJf4,FҾY/xr@|\0o6x>-_:_<jhH9 S_·{7ZOko|Qv늆*tԹ3XRƻF\0PrjM}MWrx5f&H߽@oq5j+aeoxI81SbgSm;G?Zsā}i,+p\\Vz(i}{W>W<3g5և**.23Z%ِyʋ湞GzWjۋcT{@}iEfeә85Y]~~GqNF|6(s303FT{U4kM}1u1.#a$]4dY0ZFj1$F{\Z7&o<j9+lZv5)*6W\'o?vzr\n\0-^d\nc韱As\0\0Zk\0?\0$|w\Z\0\0znE-v>]SMfA,.~)j o+q\r[U#>ׇj_2\0NyOz_8@`eY2F=V<?j~518fێ+4kfrx6WsPm$Y0GVmϥg`s3i\\ܶ\0@kJzw5ZHst-?]X.p	Xԃi\Z#W&mlb\0+I\'\\osZj0ҪFq\'(iŨ+)0)r%{PQ_!Ǩ}\r)bqc*[?kl=zV[4c5^9` vrf4#۵TªB6@yZ\'\\0;TJ&jw\0\nAH$qZS)ff^M)HrLcRzّg$V>zeT¶{\"sJTz׽oNm/H\\ck>iJ@V)\'\0ҺX^DN0zקƙ?W*\'^~\nI\0|k\0W\0Hh/\0fpVi␀c-zJ(~\0۠?zxJZF9kj\0kg\"*[\0+ej뺴\'x8vHڬj*F05%㱯Т~&,rM\'}wTS/CDk	bwH\n3pMt.UԱ{I.}0i#֭6+4y,Gn\nQEx\Z@+RZ$jOGR23ړC6-umJ#7Vk9.}\Z:(QI&85ڢmStjT\re\"^]j7(IckO|ҳodfڬE5MI9u%,FO㸔wNkH/dlb3O:]ĜқLȜ)Vh|Xe\"\r֣6g%1PV3IV)\0 =0jIŸ=\"F۱uEW(<cާsӥ!=޴R0z\0*xIzW9i~0\rqSl缚\'F^\0EOƓ\0Aj蘎C6q\01\0Z*|-\05%\0S=o7\"-zJ-|y}\0?2M_!tۿ6y\nUt6b`Vdyzva=m=$X9\0@nON@~ҦRYZbpj`	I#OZmSQCj:YwG]=%aq*I8$vi.?oau\rWwgy9(.g$Yf˹.d_,~T1@<֦jdp\\u<XHdTT]9g#wNۮ|00kT*nRђW)7Gˊu!5R;6$A馥\'ca<1O:#`LX)ZBS4^|B1ZU[3M/Ct:\\`ZVOg/q\ZZy^κ&AV֤Y~8GVNl\\Zj¨PWtv`$k̵O ]5ww\r14F5SRhS=zWLOI[ci!E#\0^?1i\0xU/\05\rƺpvg\0`܋[rߴfu9ok-|Us)vM{AiV?O`9\'\0\Z._~l^?~lι9?/Zl+I1DM~ާe\0+VR<qޫm,U*Q2S>$VvUp[8J4v?`ח@ٔ-0w\\>jͮ;=*3tw rh-eKXTN-Ʋ_xF)e6I<ֶeиx{G,<ѱn9\'-Ѹ#e=+eD<עklG01\\DaN\\:#hݜ\rŋu=*X\\o<=o3SXLrꧾ+GykLw\'ޟ䕏ˉ8OZ6\rHSh)7s(KXăC\n޺\r3?f@eh\"Fyk\\ҭt-_VU885F9~!M[Ť6yku݈P2\r=+dsZ7Ƭ`tpUqz\\O0\0zUTx\01\0Z>*OU\0ךDx;2\0vW#d\0/?,<\n`?}\0}Ri\r,\0ѲZk|-v͞\0krϕΥÑA3oMjP3Dlؑ\"H.)P)Oc-,	{L+&Ԁ<jQ-*S-on˟jկhzZM)2ER!TLmDHqҦ1:oVuyO+EMqvmn棊\"iE-N_&d2)R:q:I͖8_^pG5YB)GS=أq\\]19kkjie<`z1gnZ+ɨ_lW]dYճOAV-4Ie]!oIKA(%mbJb	_/$unՏ#?0m6FVBnU[-%fVpGݻ$RA]I|Vq5N,2&4yx>_kWh#gieC\'uՓlp+?b~P?8\0j(x8Xڷ?S\0Aj8i;\0$|[L̿_I`gC\0e\"A@;L\0^-|\Z\ZS\0}׵<|-ϕA,z|HdcIWWy\"\rω6}.DDd#k勇}Y>i6Y9]ץk+3X7;X6p;۱:n-\0c֟t<5EM\\/\\5Z[\'hWYJK?g|dM\'PҧIˡPMo(4dKk.P[~kB^dɢti\ZܨGU>GsU_Y[`\Z彸qQLq\\ks3ZDa8ngU	$ҷt?ÓY/sCIVRGKo(q֦i8{\0\"bIjIԺHKpV!\\ZJA-J_3Sɪ3fufТ.pVHTk\"7*EZ+m\nIp΢Н\\`|<r*\r?01K V9\ZW,\0+<	\0-^Fq^~\0s\0jx6lu_\"Gq?[\0M+#1\0B?6ZMX\0௣2CL<xlt\0Kgx1\0&)\0+cd}jbڅņ\Z&isRާ?PHrcr?*n\n\r8iY9~F݈8\r$n*ѷ?.j5+:ႧSY&tFjhjt.Z=ɍo0ִUͭ$An)#84Fϥh.Iluv1߅Z]Zщ3QoZMKN8G[rɑ+75p]˞ӌV@pVnu\r!JmA@j橬ѿ4R&KƏ8jO2YOv;\rMj%]2OZm?5g,ATgIo\'QH֨yvp^	y;i&`PHQY!%\0׫~\0~RxOɚ@yz:kON3W2o\053ٚ\0znG^?KR:b-|_U\0_\0\r!\0^ZA-~͟/̧/͊n\Z\rtM.=lb##r:[\\ȟtA&e^+%Đ7x-7\\h\nw/4Mdn;\"-ey%)$\rU=*5V[l)FOI1{	-ڹp*9FOz`S^akj=2H/3\\H?ZCcևOCX]sI	ٯtl\Zg`8\'4د/c;R\\5I:/\0ǭB#Xws 5bI7zҝ=LU}юzy?Qb4Oy߭MvЖ<Ӵ4eo*AexUn-o3)=ի9UV96zl/c\r\"2{}^b#{<ze@q_m\0^Xv)#ӽ%w8Mm.e\0{fMV^7\\񅞖\nBl+u_WLG*=65x\r=q^\0`m|IU(Å1\0$|0ɯ\0}5\0 ~z^O_\'3\0tX)Kix\0Z\0k>{/\0eϵ|\Z߅K_,4/~*6?Ң(\'u:~^ަވ><ltw-)-KbZͨG-¹U\n~W-ur\0<U8܇-OS[ƕ]nx\\6(>\\՘nrO53H%HMFaiϼ֟xZ6_3#df`j`OzwoQ{Մ@ҢGݧ+I?*keńOTKfZ`<ֳ.Kb8*XVȩ٘!\"І&$kLzUYֱk\\bҜԌ	W}(8Fy&]C)ǊU2o)p;)@\nYw(B\0i!1$k{\'fH\0\'=?#fX\0=|+?qW\0H|k\0$fe\0`܏ಳ-QX2I{-|cxKO.:Wӿ]kѭFU>#6?W<_;_>s5Oy_55Әk3q9#\"I	Y3FFia_ciL(D)7h`~4}ڊ3OH0↮4jr88aVD!VAni9SǷ1\\)j3&33dմ%hKUo4Ր<?+n`\'[R}P~5wJ\0K-RU;)^Ap+Yw?1S\rL69ɧb=zְ14ݐ뫓Mݩ%qJ)9#)Y!I3PŒ4͌\nJNz$zlnyJ|\ZD8cT7D8jhF\0jvҫDٶ5$;j\0s1?Nz?nk?_ۗ\0?渺M=ӊDTԼ\0z?\0|E~`dC%c_ӡ6XD(RPp5;\0g7\0_58ITi?;8WWC	ƒN2;\ZrM?ScۗĿU*8n`\0h/\0_up\0_\0a\06\0\0\0GDAL\Zd9n\0ٯģ\0	p_\0Xˋ8[\r\0$_3\0UHWf{\0\0SQf~0\'\0Rc\0E.8a\0u?H571RaG^\0U|IO*Nlrf:T\0?6K-\0u?He\':89\":m\0ɷx\0\0\0uk\06B?oU?6׎OL\0\0GǨ\\@yd;m\0??q\0w~af:T־K\r\0$5<\0u?H} l:{rCױ\'g\0F?U8:mf\0w_*\0?6c\0\0S\0fyrM	\'snO\'WٿU$NmG7x\0ۺT\0_G\0\0#v൯\0S\0UQUً{dNۅ~~$\0t\0	oI\0\0WM.+[]\0N8׶e\0\0#PNƽ\0:nj/\0O_\'Ofg\'\0[..F6\0$fۃm\0#,?\0*XsP^ke\0s/I\0\0S-_k/nU/\0O\0^\r\0:\0$x11ިyt	n|Ko\0Ue\0r~ܬr?f\0:T_?m?Hq7e\0\0#ĳ^\0bno|\0/ۗ٣Uz-~׿k\0\03H5V\rӚ)\Z8t\\\Z%V\r+$oc#[\Zt\ZVI*mӒI%+',0,'','0000-00-00','','','','',NULL,'Part-Time'),(56,'2024-5395','jojo','jojo','','jojo',20,'jojo',6,'2024-11-30','jojo\n','30','\0JFIF\0\0\0\0\0\0\0C\0			\n\n\n\n\n\n	\n\n\n\0C\n\n\n\n\n\n\n\n\n\n\n\n\n\n\n\n\n\n\n\n\n\n\n\n\n\n\n\n\n\n\n\n\n\n\n\n\n\n\n\n\n\n\n\n\n\n\n\n\n\n\n\0\0\0\"\0\0\0\0\0\0\0\0\0\0\0\0	\n\0\0\0\0}\0!1AQa\"q2#BR$3br	\n\Z%&\'()*456789:CDEFGHIJSTUVWXYZcdefghijstuvwxyz\0\0\0\0\0\0\0\0	\n\0\0\0w\0!1AQaq\"2B	#3Rbr\n$4%\Z&\'()*56789:CDEFGHIJSTUVWXYZcdefghijstuvwxyz\0\0\0?\0)MwýYYўi9VRF03|\0\'s\0R\0}O_%\0җ3~	ំ|\r>Fug&vI-^qY~cZ$\')ڜI%KD}\0-+s\0Q\0W?.\0)Ȅ\"^xn]\n3+e\02U?3$#,W.\0q\0w7?*?\0(ZB\nβ~p]\n<J\0P\0gc8?-\0W?UMKL^K*#Ʀn)R$\0\0\Z_	^*S\0>AR\0*O-Ɖ_q\0WnfԴEc/	:_/?H>DU\n\0&}Z\0\0*?ൟ_~\Z\'WU|w\rcjվEg\0å\02\0S\0䋏>\0ȦOL?೿\Zno>\Z\0pb~6\\^>lz\\U5>L\'T&z\0g\0$?FT?*\0릧/ۜ\0Qi~,HW_:\\ρ\0W_mq2H`aA5Y߂x+g7e\0\0\0;P\0g	\0\'+Ø\0\0d\0Y_3\r\0WȖU\r9&+о?\0#Xx)S\0>\0|nݦO;GCuq\0W?s\0k!I~xXW?U|n&W`WXOT)[\0\0o*S\0>/2*\0x8\0_\0׷h.8xLG.?H\0;_+S\0>/O\0_\0?H_\0R($[/<6\0O\0%2\0T?*^2~T\0]w/,Ư36⺸\'\'*O:Day\0+37\rS\0䌧_Zep\0g\0S&0h_v_?࠾;_D}HT0qҗA#\'⸔GSǄ\0\0o_?xn\"1)T]Pm?Gqg^8S對Jtj/$}\Z\0\0?*K\0/_c\0p/*K|3s_A\0o_\\-\0ƥʿ/90aM\na5nb\0\0?ZbTV\0HgXzօa+-\r9_BtRrNj彲V.3W-\0W4u\"꧑WmP Ljqa\ZJѳفV@mV]av\'`55hǗB.AhYϱjȈ[(T$خGqޔK\0 ,WkHFM%Msjj%Ј`\\?JH5^tYj}NZ3H<U26C\Z2ҳpcQG6_ch|58+WO mkzTny!(OR*->N)\';בs]\nJ4ZMU$<pVaGi^O;JWkHcͶކ3j-[=zw5񞺙\0o^\\g\0\'z/|\'׊nGq?	C\0r0ྠ\n\0Kc\0q/\0K*OZ\04.\0/UW%\0&,KثH*30¿FRLfT\0¯DT-5zgV2iӉ~ۀ:օ{qTlՎj\0+uFW,B9@*0SR.Q\\5DfGl1\r61thMfIhDm}n2N*үJ$\n M$R.})<\Z=SŵOJJ	3ovx㚣q݌V5UNsf/ШC@Th\\=M9<Aq4kW16s^D/²絅	yWM*kU6sT*\\MtńhDs0yvTN/S&\'!\\J~o;\';]Ev)ŻL\0^zoo\0\'7\0L\0路4M\0<?&[ׁ\0yx\0|N\0b|\03zxN^?_z{?Is\0-_<qxB\\/.GxM_rd.$qGZnJѦb9k|ݬP\'#4$+T69.\0\nkM\0P0jTLl?DN[Fw\'*8⸋}v֮KmJTe}Y)8qj\nZ,+\\֌w \rDY\ZWf#*).KT\r}F^xI\rCU$jF4(LӛSMnKbm)UɪuVU͉\\GZROM#P\\vs ZI0)`3Yd/B8\"Ae5}fݳɮqy*殒ऱMQ Ӄ?\nޝyVdX6v!ԏ#T0-\"G\n\0rNNgĜ\0NMx<n\0\0o^Q~j?ɘ~~ܿ?)\0%׊nGq\0f\0{3ۉ\"\0^\r_zzYđG_7\rwe\0^e_<lHTɝ0Wu\rIcXrjtE#\"D:WϡPJ!=0AFV5$>J{IF>k	tޜ.cXkQ)2]A-֥uv88ڞnRH\0֯AxKdsV<\\,}6ʄa+{UI3Af^vCҋ&^]U\\㞕Vi]ӗpjYkXTM-^-rDTY$Bi.Z\rUJT̟;)}Km̯qSKI#oJ\0$2nWmq)8Ov&Y#w+W[jQ-N7,R) N&=*\";j-dMq׊?տ\'<\0o^V^owP\0觯~?_7#xGI?WGiS+.̭/oyjA\0Ƹ˿/.Gx&U	ɋ^<kj8p8XN~=\0Ҟ\\S)$å[iFIn\n^*Pb`ӍZ(C\Z\0R+,`\nī}ՐXLQR(V{p}jJF+́V\"yZG0Y#؊ūԤZ>jiK&J2kwD<=+)j,Yxe^B#.ÊnSF:W)Y4dqQs.cQ#5/@qNԃFIsB\'77,ʹx|K-¥L|Qs**%JLRҺ1*_(6B֍`8\"y\\-2CȮS&m3Ș3K~Xr09qIJI-NWPj7<C}=9WZR>zkN+[=gh^ɻr	!_i\rb\0E=x|_(8\0|.\0]\0Я/|&}\0P~4 \0JZ\n|τ_n2\0K>%ʗ%\0&:.jQ2jͺƿGOV~Q֬;&Ս>d\n5tj9tf9c81Jxti/:\"RuZb2=XllPm&6~zBA)8<LeB3\r	%Qz}96aV \0t.$Prk\'7c0P3Ś|8xJd8|;hsN.GQ7;b9aW?-6siAvỉmFH\\Rj	죹$wlBN/Pt|իm\'nZOdJb:\'kR01<<p*ŠD3iF,ĞA\n5p\0ҵnRAkEQq\"?̷>)\Z)n=$=+pV|*IH9VeGDzO=ԿbԞ\r\0\0O^KsW\0M;ׂ3?\0Y\0>5 \0Z_)j:`:޿]U\r?+\0-_\\F@;xs\0_\\|r_rd*ջuVU1xv{ocͽ;j(\rqVT\rrV34[{te­	2lBZ6̭\nK싋܅4A?QSQmdǦ*`Tr$kю^pcr?׵\ZOs82( ,+HҔ1nV,a.kG	Z{KO\ZcR\0vͨ;IF+GYw|S\"eJW7N	W$Q󐍊9uuݸ>v!u}j僋Hj=LWܙ9z3V*DoQ۽]Rb*GjʛNx5\\	!G5I1=*9R{h\rEB3GjTnUҫ13zTIR&sri3KEc\\HZ.Wb$vSk&/[%7KO]P\0觯!fk?b\0SOz8aoW\0M.;N<\0=o7#s?Ɵ\0//oyjRTn;\0W@\ZxjR.\\c|k5]r>_y%6U	ɜp7̹jQoqo92qSEv+Ջr8+kOX+giYL85JKSX-`g[I@~z¤;1tsY:n\Z5d7XCf!alKi\'֔3(#IQ5aF_Zdc{\ZrVP%j,xZO EkRUF_Jdsz	FZq(\'tCE]vJO],j3C/<k.KS\\*WHʆioݺ3Ry\05ILW\'0Ͻ9S]vQJS+OJ1YqmҵCϪˡӒB&CiCV];̚9۠런<3U9\0O^D0-z8j*SׅŖ|\'׊nG̹#4\0r=C\0%k?.\0ھ8\\O-Ad\0_QAҾ_7%^\0/.Gx;xM%\0ӓ<Ɩ\ra3a]F\rP\Z ;1+j/_MrlۺUPãUdlҬ[0Z:>|p]P7ψ{Ԏ`T)\Z&M%?JrL) vRN5:k9$/s֔85bzԁ`ʩ&L1V@ \0b\\&O=)9%\rU3ޮE\\N1)\\})FWW-GB72JO-vml@X\ZFkS+t]xI$N\0x4)8&7KV_dRv̈́ݚϺ=]eHK1f[U]\\ʤe*uuZ܊\0v~>s+xZsBh,0z֍na8/5뿰W$T\0觯F^a}T\0觯(aoW\0MN:Ԍ\0\0$|Y˲t\0_\"\0|Y.\0ھ:bsWEyz/.G/	K\0NLBVoAy\rk{%0k|+|unb@Pq޿KZFf&:B8*njLSrL.ۃ>e`:Tv6*Ą縬du5ZWfyެݣɜU	@ֱjr²5$lݍ^y._%ĤtkѱX4;hcv&,.\rŝSɨjG<?TJ7(:D*c̨XW2k|um|P74k\'NVTMJiGZ]n>\\gP=V51sfLzҙ=fǑVj%$/yrrқ<6\"9)c*yehɷV#\n҂Nk:bt^Xi;wQ){ҫm\n/Ê1^\0\riŏ9e8^89\0RWjLU\0r>?Y\0r=w@]\0G|wo~7?|\"׽|ׄn\0.GxoW%\0&?Q}khad9⺉u`x ,ps_&֣!\nb7撡֬[x;,: ͈e$ɷⲠ5hM\0[H8\\@XlP$hj\"N|\'iDI5vH7sj!d[Oyy\0n*i5;|ӹ?ZX1V σQv[SPnyt5Yrּ]Ti\0~vwWoBmh:$ի;UW)*F\"dp_95\0\n46xR&,aV]tOCX:l-}x-y5\"(AVr֝O\Z$C\nb=995*/~KTk&\n\\<W~\0c\0w+?a7wUs%|u(	\0_Xo.\0ھ:w\\rsmׄ?\\\0G|k,r\0.Gxg>U	ɏkLw|ֳʻy?a%<`&	RG\r&ʽDK@䓜_p]	{fBսp7UȮsɬ9&G1^-I\'rFFr«C9Q3sYt#UZT^s*hO\0Q\')6HSҞ:)֧h1Fʯ^8~7a\'X%q\r>yz~5@XVN<+ۦcڥ\'*Ҧ68%cjr,Hn&(SY@1bqE3g3;{]:~\rj药k6S]nils5fS[\\BHkm\\k\"eF\0v?GZ\ZɗP~e~nps޹@~\0T,Q2²TIr̬^?ρs\0lb?Q^xU۪m?팕qC0v\0܏Y\0r>\0ȱ\\g\0ܽ\0ˍVo#\\{Wٿ7º\Zei!hS;spA\'\0nݷ.\r믷$\0W>\r8C	.HE~[$[yfPR0qZqީ5s|A\n(AN]7W/qR4s3s{H\0i~*H_\\rv2GݮA\0+5ż%\r\n6\0$~;\Za\0}/Hh\\vJg^c{r:t\0Go?\0}\0)\0&(0>\0$xh\r~F_^\0c[84\06nAt9Q(\0׾\0\0\0`rjW<ׯ\0ׯ\0p\0ʙ?\Z\0:?raC\0\0䆸\0#L7\0OZ(W\0\0O?^3?gk9R:f?m?H<}W_QB_\0W-t%@_	g)gd\0#~?gh\0\0㕓\0O\0\0\0.ac~T*W&COYo\0Tr~Gp\0ʈ_\nP\0\0#_\\oL7\0I{ugi?`jڢ#u\0\'1?gl9Ys8n9,߳GqW	F?m?HΧ<i\0#Zf~sI+b\0p~g]o\0R\0}\0+peaC\0\0:w\04\0_;n	p?\0)	q?\0}\0+s?\0\0#z\03<?\01sNH9#	pc[\0\0㔿/ۄ\\\0\0/8F\01\0\0B\0^x\'xO\0<]s49k_\'NO/\0\09?n~κ?߇\0P-\0#\Z:\0$\0\0\0G,F\Z\',u\02TOۇ[\0\0߰7[|4|մ#MՌӼ[!O*A\'z𸳋8R	SДFIUmJ%+3Ɯg؞iR̨JRY$SmNI$z$',0,'','0000-00-00','','','','',NULL,'Regular'),(58,'2024-6218','PRIME','OPTIMUS','','gg@gmail.com',33,'5674575',5,'2024-11-30','ehrfhedrthjwr\n','30','\0JFIF\0\0\0\0\0\0\0C\0			\n\n\n\n\n\n	\n\n\n\0C\n\n\n\n\n\n\n\n\n\n\n\n\n\n\n\n\n\n\n\n\n\n\n\n\n\n\n\n\n\n\n\n\n\n\n\n\n\n\n\n\n\n\n\n\n\n\n\n\n\n\n\0\0\0\"\0\0\0\0\0\0\0\0\0\0\0\0	\n\0\0\0\0}\0!1AQa\"q2#BR$3br	\n\Z%&\'()*456789:CDEFGHIJSTUVWXYZcdefghijstuvwxyz\0\0\0\0\0\0\0\0	\n\0\0\0w\0!1AQaq\"2B	#3Rbr\n$4%\Z&\'()*56789:CDEFGHIJSTUVWXYZcdefghijstuvwxyz\0\0\0?\0og8f{\'HGg@*c\n+ҿQ^}A\0ם\0]%hiG`\0M(KG	[ß8+6|/:ӻwzO?</7-ru*ԦӻwzO?3\0by\0]sSO~=#=:\0+u-@ÊfnI\0\"s\03#׆/__s\03g\nIþ ud\0WyLX^=/\nKկ\nela;v77rH\\_<=_-?7>d.`?\0M\0i$\0)?7\0~⠐r1\0Yi>\0\"?s\03\0~L3\0w\0o;N_._d\0	|a%ol{E^W.̶\0x/[\0M\0:pj\0??7\0/=|\0\0psQhHg\0Ⱥ\0>	Y-?s\03o~[!\0U\0~խ?o;_$2d{SD2)\0?]O7M/\0oj\'>7\0-T<!\0\0k͒A={r}\r?к\0K?\Z(?>{U\'OxG\0\0&\0\\/ڽzx;7\0n?slWULX\0qx]~\nZQG}h\0\\O\0M\0iX\0M\0kI4_n15NOh#ޭ]i\0+kze4~gؿ/uw\0_7\0.`>\r\0M\0k) t\nyx[\0m?\0;dj?j\0o;RG\0e+d֫!_-?Ao\0\"?s\03Y?ߵx?\0\0&\0\0~\0v.rM9M\'g-?!1e\0SG}\\ڤ@ۄvQ\0??h	|(O|3ku-*V9Rd =+N:~Nqm|6\\c>$\0q\'|ez9}8I4Pm=3\rp\\+PFpVQi;Fiz5s+t6ZI4&׳\0a/{I1G#?ZO\rxQ7\0t©w\0׵z?񫲗\0NWΪgC)MQql督$\Zpfgz|?}v~h5gF\0[xRRIT6\\)ʎMix%|Sf4cv\0ݪXF&1v2.G։촹Zpآmm]IbIuƝŶp*UlWm+;P(섀hy\"a,qn=e1qZGsWZ,[F;\n%#<f+t܀֩ͥ\0r=\n|Ʌ.K`ۺڳ\'l^fz\rBc!#e=ť蹉zVJ#Zvjb	8<b实0|w5ZkUd@sڥЕHo-\Z2IV|kt;šq[nU ӹˎ3S_ҡk]$Ǥ:\nf[\'av	]ݒ\r{W\Z\0Y&	σo|58T\0^+\057\0R?\0}=\0oSJ(EYkz#\"{W_W;\0KJf\n묵Wugo$fc\n:z旇9o{_>?\0\Z)\0Kf;(8=ǺӼ;q)*	B.x^|Z?y\0m%\"奔5X#H㞹,iZws6HuAe	R^>lU\0YJIgt]\0mW\nGzԷYEa4Q-\0Hcl^0l#r.:#2TTZ?f85=r¯E\ngHxS~|ٮ@6ymZ)Yh;\"Fӭdr+&thSi\'m+4PRLRw99\"88{D5uuO5MK[^ŪeRJmZ+>Zh\nR\0n[­֦ubVl+vܑYq/ -tGUsph)(nGN\Z6a/\"@T\'H#h\0^$:q^\0j2G\0=x<[[\0^j\0>[4[\0M\no98>yϛ-|WTV+ʾ\0(oڋH,A\0]-xlؑg5~l\0)?\"Rpߕp?n>DW4X#u%~*,2;ۥOmHryZrM}IgCjyC?:vZomۊmxbb܎f9X>Kԧwz=ڲ5+T(؏Jo$8>a`{7l[]20`bt:K|w{U&V|OZ\Z?z՛{@:Õj⍛w@?XmV<7ʼoVuSriY\"9^%qY7rvհ.\"@\r֢\nzKDym;W/y`qzݲHEsZNOl\ZwG1qUv\'vm p umc2%RN$z0q])\ZVz(&	УscfH\0t\0r[~@\0x\\X\05\'Ffw\0znG?VG\0*A\0mC0r\0OwiNWV6-|T\"WxbFE|\0Kܵӵ|*e-ϥwRh׎|nƂet\\c[W=e!qZZn+)D!(5^w?QPt݌SsAjQ[&H*>kSq:iBFY\"6JQ\\Z\\8xn\\PYJVE2pg74-dS̀Av\'Pe5ih>6K\Z&!ԕgoְ3:U%q\\!Qhot(x\\+\nfZjmV-]*hW#X玢FU1SV!#^KAv6⻑d5tKO?Zķ qE@<P[Ւ>;+.9#5yccpWI\\Ti3:Xs7g%R++k]8WZUl{T2\rZ]Ǔhڏ>NzDT|\0khZNzkWi6jkm\nq+í01FN9qs\0W\0^j\0>Cd\0/\0zNm>=JH8ee]9c{Wڿ[#9\0ĮK-\n\0}\0>4ׅyK\0+d3\0w*<i\\,sYK׽~	3ʎԳbXXr\'ڳcFeB:CFd6mŻns>՟sW\\}n2韨wqb]l]ZV䡝8fK@AQ}!g\ZJQ.I-V.U[)G*3V\Z5NKSh͵bڐ@\"nqZ\ZkLD`sY9[f\\!Caj	UӮdعS]vtqsZ՚CqJ+W,*sȐT1\'d	\"L?wќRG+Q2:T@g58\r2k(˳~ue<L`o{f.xdb*{\ZB!I?|U=BA\">v>W?KrFI5174f`ǵWڭ`vdH!\\0ۖ2z\rP:\Zck\0I?ୠ`Ixׁ8=<Ԟi\0\0Aj*|1\05%\0ٗ\0r,\0l?\0f\0QT0~\00>>i eG-3\0MفힵZ\0.\0kgo̥/6CHA?\Z5k74#钿6R+YA48=+рmӚqU/ݴ]==IYݹqJkJG3{E#\Z?UDJKNKX#P4![kҮ)`үI@bP6R\"4ٮ:t@=궛a+\n4[\\AB3Ңҝ\\Z?k)ҺiU{/sX	PI)ucm\"_$x5PLckw,L#ڹ>R0{f)ݣέ	^FƘzVo\0ҹ[mR{gEY 6O53z\n6ܷ}\ZsYB\\S\0863UqI!-/ԷyٜS\Z0\"\'=+XH{\0S~xQ-M1[>z~K^&jsQIk6=(3ݨZmhl[ !}+cOx(\0i?4N^\0X_\r\'Wʸ[\0^j\0>_!~\n̟C\0r4qjm%|#<j@9k\nn-7\"\0]em5	m$_!\0ƾ˗;_>wnenSo6fW49\\\'o-{Sb0^\\eE`Y\02+cKfqXԿ)F:tdR52+Rc$ȥ͹{hqTKحc;JnjUzUpw.q-iu5R}*gR@wkHJ|GS*cr㎵^\rakQ2N1+loJM3ZUn湭)rD\0qX\0m^ԡbԎ+OnJlcsk*3~S+t%#+;YēUM{֊<K FYpMV{	K|>ܟFoO}tTH\'+~m)*m4H!qTVѨڧ93EJ6!;uY( V7mjwUȬ7?5C1}\0\"R$t=sX~dQ /*ҏ2g=+c\09?4\0ZۜW~LPc\01\0Z,|}_\"Gq[w7~c?6Z	{{j-g}\0iV\0XеV(=9ۀ2\0NׅyM~%棥 {pϵev}о)4p?9Wg5\Z~92ݾN>l~V\\ \rhٕQ\'gN՜#-ߵk[8+ֱlX8	+G~Y{tCė[,BJT?k!	UެU%͹\"̦3s\ZinFh~5dsܚD0wrؽ]ɀ$MT[e\0{=r@Ms,lұRz[GAkp^98F\0϶k$l><h䊉B1\Z)N:\nD,WSZrۇ8۟z0P5[qϥcv%iaA) q{⭼Hj\n؇;!9ޱ/v@5}67)5{7[i#3	D~N+e,c+Zy8\'ڏ2_,rx\nߡvXP@]&hגA+^\'\'Lc(9Dl0: <I\0y|o^:?i?9Wc\0>j\0>7[\0M?2A\0R?6ZQ,pz\n 9x\0Ѷs_9~ll+ف.\'-?+I\'$Gǽy\0@qߥ~V?P,ؚl\njRqCGBiJF\npJ8\rҩ ^IO:Si\ZK|[iyQKǭ9H?>K\"9\\M>_ZB+!uCWڶ/ͥ=~qiױI \\xVg5k)3P^MG&WT)8PP9-&o2@Vt7׉h\\LU6DK\n|CB\0D@k(Yh?Z+JRҒ0EW}p_JHɨnD\'j+jgUGB8Tlu+jߚIdK涊oSuSv+|ִd{]ǂEWfHGWvQ3E1;AV\Z\"bQ宎\r9r~\"M\0W~nOE\0i?0}w+?cGԾP6Wiǆ1\05%o&\0]ٿᣴ?X\0F_,+\0b-|\Z䟇w{_>k5Oy_ e28d#jlg{f?܎kf\'%IyoQ8]\ZL>N0m\0\'[Zc:j\\Zi0\n@Eak3W\'-FiPV9ecNOZҞ$eȢ(nqV\rw+eaG>l,@[2ٓ=ڝFPF<Z~=$W|ml\Z3X%Oi!P8ED$&Y )T*8sM4hN@nQƢj3=8<V}&yN3UqX*H5\\?P|5\\H+4I5P(Ҵë&8E\\SZe6tRz5eΜ\\:]6ؾQB\'MܴXn=/*;>¨\'\\urFȿd\ZGZOΣۚ>KWLZnǕf~&&+1Rj0W$.uO\0??O縵r;\0$|\Z?5\0P܎\ni=/xx\0K*_S\0];Lb9k-|^/6|ǃ-r60p8ēԛLG^6Oe<חj,%n~iIksE=OZZW*Um{y9<TH	9\"Dݬi6q{ԱÑRP3ODbSn֧&P2ntX\nkjܷ.4~yh/W!6ۏZ|G#ޢ)2Zmoi)VEpE>8Lll]ҜҢ	hUPsJ5Vėw\0nMR\nl *9>Q0;RT=+sL[U`OM!mOC[Kny cڪp[ģ{\0}*6<HyQK\nܙKrʑfT}*NMNIQi\"v,7tS|\0a\0Z[#ҽO+$>O\0Z>+_c\0>j\0>S9\0r;+c?X\0F_)y~aW՟WFi\0̱Of3+<.\0׵|\0]\0ץ\r^lb$WG;7Qһ\Z]4)8\rmFS rJ&MEg\'V%ƖmHpZʹqYPޯZq5S5[g Ԣ2fJ*F\rE4F\n8z@`F#xUKH*\Zk1F.NE\\ThSkyv6:(G֔Ɯؤ\Z&vUqI,˻^M!8uVr`}@8l1I[Bw~5	_NH^٪^ƭ((D+!\Z\0NҪڳ-+\"`Z7vǎLv=*x$c%-׃JwZ?0Vr;=PuDSsMVrܹϭzRX՞\'i\0y$EzK\"ڳ\0:\0qg7#8\0znG{\0}/!|/?Z2Fdݛ}\0hjߴO\\~\Z,\"VEK!)G8 5muA\'\0<4.p_J2\'\Zi4A4ME|++фI\'Udލ9&gVwP\0dڟ0aȮmT`	p!~͞%\'=MUa;f\0\0t\0?־G\0\0?L\\ov\0\0S\0\Z=^?<G\0~\0l3\0B_G\0\0.<o3\0h\n|ß§W\'x\0q\0	\0P\0ʰ9xO*_\0\0\0^8/xO\0<9)?߶ć\'\0V\"\0~\0s9xۺT\\+o?6<3\0~Wpqפ\'N<F?T\0ڠq:x\'\0Y)_\0a\0.<\03<?\0ty\'WA\0z~ǟg_߄\0\0~?g/:Uo\r\0$[FxO\0<=jn~\0ۯ?O*\'?g:Ux\0\0_pc\0\0S\0 {ȫZ$VR=pk	pdH?\0ٻKt\0pl?#)q\0\0\0D\ZjAhۀ#Uҧ*n{V\r~z5V|M$$^?#\0k\0!IF	ALz\0Z8a??62\0e\0mԑ6/؏|\0\n{t\0C>X\0\0?6\0$fσ\\g\0\0#g\rN*JEzr~ \0U!?k=_\Z_*l?#eƼ\0:\0$yit~^a_*ؓ^\0\0\0<.\0>\r\0$,?\0ps^ʧ*.3u?cgGxf:K{q0bNExOļ5[qᎢI*md6>[˄q\'SPBIUnI)jD',0,'','0000-00-00','','','','',NULL,'Probationary'),(59,'2024-2514','GGWPZZ','GGWPZZ','','GGWPZZ@GMAIL.COM',20,'GGWPZZ',6,'2024-11-30','GGWPZZ\n','30','\0JFIF\0\0\0\0\0\0\0C\0			\n\n\n\n\n\n	\n\n\n\0C\n\n\n\n\n\n\n\n\n\n\n\n\n\n\n\n\n\n\n\n\n\n\n\n\n\n\n\n\n\n\n\n\n\n\n\n\n\n\n\n\n\n\n\n\n\n\n\n\n\n\n\0\0\0\"\0\0\0\0\0\0\0\0\0\0\0\0	\n\0\0\0\0}\0!1AQa\"q2#BR$3br	\n\Z%&\'()*456789:CDEFGHIJSTUVWXYZcdefghijstuvwxyz\0\0\0\0\0\0\0\0	\n\0\0\0w\0!1AQaq\"2B	#3Rbr\n$4%\Z&\'()*56789:CDEFGHIJSTUVWXYZcdefghijstuvwxyz\0\0\0?\0lO/^Ѵ{-n]crma\0#\0|o\0[\0_.\0;ݥ\0̿k`p1\\Wxu9`qx\'Rpvz~Yu]eUM9IvzH*#>\0\0xxW\0_.o`.jq_kORs\03\0ZeF^U~7Z?`23\0ϼs\0\0/</.Ki?Ŀ\r&p@sWwr䳜!Wol\0̵௅\0M/\0q\0~\0_\0$\0rຟ\0?\0`qK\0[Oj4g#Q\0i?B\0+BHrGҫ!_-?A_/SK}\0?u\0Y\0\0 ~\0I\0|`lF~!u^S\0ÿ̵৅)KϲWxC\0\'\0㴫\0Ȟ\0I\0|cYş-y1*W~_E`4g\0ڛ?,\0v\0]/ڝ?BO\0kxOp*WB>`*o¿i\0̦\0Rm^zO\0iQ/~\0[ {v*^\0W¿j\0j>\0h\0x\0\0I\0|M\ZkpÚ>/\0WȦ\0h\0uj^O\0ic-x	?\0␲¿iƼ)?>]_ڋ!\0\0rti<?	?\0 g\\P*\0-?Wp.W>N?\0Y\0D\0+urW@i¯[O)x/_\ni}\03McAjlm6e{/\0\"kCWXn$@IsC7ǭ}u^[~^\0O1\r^xeXNWӌJI5ߣ>o< Mg\n5eqk^\\_)#㆖G\0+)<ʾ\0o\0_\0F_5H^Y%\0-_~l|\0[ץ\Zb-Il4PWjByyl~Ȓ21_&&:ǉt$$?0ͻ6O3,y\'jUҴB-AN)yջ8;.T9+{Fvc+BKXEW!u4ge*M-JB~=	=ISү[Ń-sK343[Uxv\Z2H<`UeHv}kRܧIUi:QR<@h\n٧GJs]	ǥ]ݽϥo_.4g)hL$ȬӢ\\ebjS[䝬;qs3q>E}ST#\'^DJ&ktDhkG#9fMuwd\nH9q{; z_=NPRD[%)<\ZPHnڛW%XGJ	0#[O]Y3\0|5|	oZ	~^\'?:\\Wqt\0ךD\"/\0}\'\0?ݥ_\0F_4;s_J\0PfGOǏ%|I<|߅\0{׵V*\0Kd2^7P&TsU֎^u]YXՏ?!SI8i{@jٻH0A5Cm	-Vk+)#x.Ì`ո*NTI3wg*kF@;\n#qZVql V\r\\6EozܱF	=sT`?yM^B\r.Hnl|T[\\ǈ8*/$3#BQVw94SX	J:b?,>MǂպP\np\nDcl|3q;~k2ʃUKc7M3ϵoJab[JB^F5GY7	]\Z5([)S)=2E!bs-Zã#nOZ~:S9cR\r6-<ȯ!<u?Ưt	%TI>O÷ZG5˗K(j0Ip?\0$|?3%\0P܏\0r㥂?_\0F_2÷_KRH_ZQ\'e\0lʠ_;d^e~l/T6\0Ke+q&yԥ/}4\"^\r1,ŏu7\"!m椷PdwzEqUMW\'Pnɫ1Hj(5(0av͛M[;dֶ,n vZVr\0<fx]Y\\Q*|̸UۈqZ!@ݻ\\Ey=\'+r%ԚTu¢YyL0:{֭sj|{\Z59aWxQGids]%tHA3jLarmَ1LsTW5UjVR幣)NiZDIUNxZw!p+6KD\ZOC9jpVl$q]^f$s2R|jFDhNpjhʞO),Qȭ-_v4n5_Q\n?Eu\0\ZeEdPzW\0x#W_=vW\0Huw\0znG\0S\nZV^_/epk*c㶔?]\0]d-B8<T\0^~l9e6\0Kf{#WdJmr%95_AN`\ZVp\Z?SKlCW{BW\0PIYJV$⍅xr)b#`sJJ=\rmdr\0<Vl)֞Q|q[EW@s޲sqaJ͘oc8(O=+ta%+h6`#<Zh«~Ƣ4n1ֵP=Jv:[kaB+ݣ>i?`[\\JGx\\Nu6c0y[RI>ȧ!jh/ j*3sNf;\'iθ*%\"E)y\ndIu$UmA$2lmBWy2\ZoX\0=rp{Wu\'}:ߴ)KnA=./%@䎻Do\"z9|s\Z}rGzbjc+\05|_W\0ךD#s\'\0P܎\'IZEĒxn3o6J-~wDH5?i=>#K_K&W=5~Aܻ_v6x	r\nr_^$L@=랏>mhj2<\Zs.byn/ői[yoUF\0z望NzVUmNeIwpgdjViOzܹ-Qjt:Znrq^H\\[:.k2kR4c5(-eı.gGϭbB\'\\SN*rD(܌-\\Km\0)[NU+/1ΤsXӳf55a_]\rqXzJ5植W(klxT$lڗ9mǫ9$f>6e5*K6#|Tog,yS5|uHg\\Py )\ZҥPnjSVNrtw$kSam=+\n19]2+(߰+xS8 ~]֣E_3}x_[KYz%\0ֽG4\0W_˄MIx_ĿLy\0Hn6\\_\Z_Y78|+O-|{iiy9ǥ}\0vdtM#8\0urSP?w>˿)\0&)\0Kg3v5G\\8=\r6WsY\Z6\0snmW\0ckIR#뫳Zwl߲\nW*+dSK+VV[򻣮:<1o88\'~=I}j4S\'Z*+Iʂ2ֵ-4{@s\nHR\0noV*?KImpJ[)YA.fE]Ck*5zZ:⸝T)\'\r\'-Nd\'T59#ʖk44ʐ~\\V}$bkSmuI$MyjefP\0Uo/K.	ݺ+ji2V0\0R:IE|ZAT\r\\;}.l4sZsFqSxChh~z腌e+#S7L7חGj#ڼJclB  iTpr3ֲOx#Q[?GF\0@j\n?ظR$i\\+\053˃3+=o7#7|)?Zs}Rbq_i\0j#ѧeh}?}-|Er*>~lixS\0ץ:Fmإ%RȅXp34lf#6rqfe^@5Fߥl Bk	mIњزaYdֵcWާt5f#ޢ3LKW,?ZV6fͤUԵf\r@+U8g$]kgklsI+Dakq]mb1p899VϭtvD&Z˕\ZҔ\"4Ei峩Ϫ%Y5i^f9V1wi+Iٔ|Iճ\0><+CJ5-C\\䵚 |OM$~NY3ZUOdчlH3Up9c9QUԖU/͠#\"y\0ZhK-\0r\Z~ֹGp.szWPY%k^+hk$	9\'j3\Zt3%E(\rzw\\\Z$/+?b_jZ_\0L}\0_\"G=o7#\0ipv8F+\0d|1ƥ~o(\0(?{xj?%|:S׵|Kܹ\0ӵ|)]/͞Eyi&ⶼ|5 F0=u~[jZ-2+z֭L,Yr}kN=d:anZ95g&9cX2qV7E2\07֤̑S7\rs^7\0IVǵfk6\r6O*jW	·0frfp;|ƶ\0%S1튆mvzZ$%sRemȊi	+5ِ;@Ko%Q3Mg:MsJ֚H!YOl8	ɮ\ZOKv]-̣l@xV2gE	utkuj(uƜ\nRhXgee\\{\\X*9J09mU!$EEBƽV]J|1ڲ^MϹ9Z3z\\:jP^NI=ӂ잂dٓɄ9K\Z	#nS:lSdI#\0Ic=;WCkSK@/+?bOQcK\05ymzV*\0a\0\Z_*7\0Nj\0>WdI\0=o7#\02t\0ѲW2ȯ?j3\0B6JF@?uJ+/͜/8QOX~#溿֤8Rk@S_E)b\nVcʷ֯Y3oT͋y\ni*!?Z_qP?4y6enݺN!\0ޱ<[5k֊.@tcִ4آ#Ҹ<137}ș\\mLr(G]GsAcqREM2Hɸ1[_}L kl{TKgp7nYщSiIF̺WڵbzsV>Ф`dW\0^j_w(y8)I9V`pjG=+;TVLZ*)63%Mt$7^&Bs[Yhs{BI&AxFkyP,\"q$qVƛk`LS13䁡>*I8PF<:֖<sRINW~u~\0\0\r^\\;\0VxZ_Ap=W\0Hn=o7#ஊOc\0lc)?DAi?-G\0d$?/\'{WX\0.\0kg-չK\0Kg7:/#ï,>$]Ą+0$I#k3s;\n̈́7V3Q4iXӎ@V9.0GqƔެY_1\rͨx\'5UtfJ_=*2vjRƶVe5yQmoCޖCtoMmra!CZZÜ{ܨE%\\#\0\Z5{V,j+ {l\0NHJkTnjbH@	El#wƵm.KfPI\\^W:;{*eaڨwI0#Ze;ׄKVur@=iwAAV|[NK֔ՑJ/iS}=6P	CeZWح-y\"]NJWE-˶@B\0bSy*JlJ~?-7;yGMX˙8uPrj[_A$`W\'2?_[\0$|L̿W_8=#Ř\0lt++	\0سL^w/w{_>s]|,M:rZ+sR!*s8m\"d\n#R5<R2iJEXԂP1֥\Zеw,ڰQю[vnGJVUdK%q(nmLҙF\\SV9\\	Xu5*Ai,`\'~G%fV\Z|U0j݌*Hޜ`TZ.,城\rVU*c})$Ku09\'=jI#梒vBH8otR;MQr+D5rM24uhխDWzeEUU9RS@lץ?%FUj0\Z\ZVuBnJ(zs֢?)#uM8\"bj?؛ڳk\05yHzO!?wA\0\0\r^\0W\0Hn72\0znG_$Chb?%|;8\'hň\0l4\0\'|?6|kr6q>0\ZVYU$՝bfUL_UqWwIh~3\r:\'*sCS1QӭKa\"R=jxҭ>5Rk	vcu`\Zp\rhj!\0Mrkh6KoD>g|t773VbԢp0q^4Erj=jCP~Z0~l6jeJR\"%TSNHUkC֪K~v3rԱ-%#69\'w^kgú,N\'Oi&O\\ tt(c=Jgvbj\0>lݜ9\"xz)sS賎<\')P~ji8֍暒pr*y4p~!v\rִ˔LJ?ؕտk8Wz<k\0m`\\y\0HN5_[\0M,k4rsEko\Z}62޾\0~ߴ?:Vo6xn8gE*d%NHƾE	q<i<HXs\nU^8J2&R	wM\0<\'F#I\'U\'wNI-r\'\rOzvI+ح\0_79}?練N`Cا\0_vW\0\0cms<?\0*\0ނJ\0E\0~S\0?N\\7/\0ߔ\0\0+\0Al? |m_3\0$=*zOL״\'g?ܼE\0~S\0mc?>!\0)\0Q.,iG\r\0$8_FxO\0<v)[dj\0Cا\0OO?cwU+Z1\0\0a\0pO\0:\0$y2_Lԋ} 7^O/\\g?ߔ\0OU?O?\0a\0y\0u?Hv$OP&ݻ^~\"\0)\0Tg	m,\0>*[\0Q\0\0q/\0}?HY\n3Q4x&\0;\0mT\0w~?oܧ\0Z.+[\0\0\0_8-\0u?H\no( s޽]1ִ~~$G^a\0_W!\0fR\0\0W<?\0XL7!vץ\'M_HBkaYOs*	\'\0S\0?6Ox1\0\0\0GDR$^=[\'[\0I\0S\0?k/!:O*qgi|}Hۃ̰\0:\0$ySAPrOc\'\0@kB2~?_W\nJ_l?\"\ZpZ2\0`Ozß\0\0L\0a\0?\0\\Yªl? \\k3\08\"[}ߵF?8S\0ߤ\0d#/)\0c-Hk7xS3[㨹:5JmVIsjcǌ8GY*y	IЪUۧ$JWmG',0,'','0000-00-00','','','','',NULL,'Contractual'),(60,'2024-1230','YORDLE','teemo','','teemo@GMAIL.COM',83,'36187698',2,'2024-11-30','teemo\n','30','\0JFIF\0\0\0\0\0\0\0C\0			\n\n\n\n\n\n	\n\n\n\0C\n\n\n\n\n\n\n\n\n\n\n\n\n\n\n\n\n\n\n\n\n\n\n\n\n\n\n\n\n\n\n\n\n\n\n\n\n\n\n\n\n\n\n\n\n\n\n\n\n\n\n\0\0\0\"\0\0\0\0\0\0\0\0\0\0\0\0	\n\0\0\0\0}\0!1AQa\"q2#BR$3br	\n\Z%&\'()*456789:CDEFGHIJSTUVWXYZcdefghijstuvwxyz\0\0\0\0\0\0\0\0	\n\0\0\0w\0!1AQaq\"2B	#3Rbr\n$4%\Z&\'()*56789:CDEFGHIJSTUVWXYZcdefghijstuvwxyz\0\0\0?\0?(S\0_;O\n;ҵ*Ke.ee`Q_9\r\\R\0z>0Եq\0w>~ᧆ|\r6Fug9IjI%]?\"|:/J#\')9M6RKd7aqO_/Wp<5\\WlsV!W\r/S\0?J^K}rU?35\0abxk\0,_]ߌo\rs\0OZo (liK,Jv\"1.S\0)x\r,ʡ\0T\0ϸ\0cs|}7\04vm!&GE0k/l?OL \'|OLJ-řk\0_Zc?<2z-<\rօHϻڰt\0O\06~U\0&}GF?=ɪC\0E\'j jy|)Oyw9	<<J\0P?H쇀5S\0&}\0U>#jo:2dg庚W\nIr|2R50\"1J߳.!q&/?H%|YL?:uoƯ }.?w}F?Z\Z(4DВ#nr\0G\0\0$`E0\0\0gG~&Z)G`;Z˸\0|JsFni.#b]j0rJp\0\0^L?:\0S|(F?j?Z(|w!W|k8):`vK?\0!\0ľ>u35-}[]|8c}qUK8|7\0E\'+ͥ+\Zxi:~]\0\0&yU\0&}؟\\6{.I.R9	yPWВ+<օ@;WA\0T\0o^ЮOLG%mfu\\#5\0\rg4ڏ·pkz\0U@?ZqwË\0\0&r\n!\0T\0Ϡst&\0WG/Wi/O\0ھ_Sנ~$\0\05xOG(`#IEOG6_࿆Yw\ncx|1NYETQz5sཬG?\0BW!xQW޿^\0,^?,Acy{xk_rg\0&+\0aFwZZW=jaqϥ^P1v?\\ISmP0ZLaWAqV;h`c}ȀT:yĠ޺;<pOS)^zV2(ԶQTө)=M4fh爆һ]& \"c#ηT.;i*w^. Iڶta5\0f1WBȭ!٪fn.ʠG u0F̾ʣOqw_ҩ.VovI	#ޠhBdaco5Db0.,%y+fe!ܸF&E8\rc>KkɼCƴAvsƬ\\nr+Oփ坮pkW$r9B5SNգifW{E^V+*jwVۗ̓^T:?Xct$EP	}j@&\n|Ąm+\0[\05pm+|<@\0\05|E\09\0|;C\0r<ڤc7Pk t_{\0zx?H>5\\/9#|\n2K\0NLb]6,0xV\\ nkF~9%+Ҷձnx$dq\"ر%kϥqT%+:\Zx`VݝPǱt[sz֝(9kF.*:Sn66mؕ\0n21@㎦c/TAgnDR[	3>:XPB1֦NNj/+4kJbp=ŀa>vaq*0`zR\\ʣt)r=*PŇIw	LR4w7ra._*Uip	aWtAR?\Z>ekjNw9ccQ9]ȸ~f<zaA$[B\"_mk{j\\j4FG\'\r.N9p:AE5RROqiY9⹫sm!`:WkD3@_\r]COG{׭F\Zx5hf٥ưgO19_1|[(F9}9lfIkiE3Ql$?<;?W}0\0>:t^?n?_7#86M\0RGWQ_G\r^\0j\0J+(~?ɟ5TSk\0ӓ.GZWGN`\ZE \0_U\\#:wM{=i9\'8ma QNkPSh`\0G^f6L-2_/|pkB@ӧ5Ρ>{;(dV blE|UzcՔ99McTSw2CG7I匷\rTm\rW{&w%s1H_3Ss(+:!KI)MNmjTr:ygmkU6{K>k {ֹeNM=\":=HBvzSKcoök1YHJt+>!__4W%An@Bhj׏5z~64V\\*\\f>j%.o¢V&9%duŀJI9֎[0\05\n[^IP(#~se^]s\\nX&ӥbxɌ\"`q\\ԗ,e^J0KL\0p+_76u367r>鯥lkւG;ص8a};xf^~nׇF\0qIU\0r>;7fi=o7#\02?Z\0҃_\0/\Z??\\(c׆we\0~_n8FEHUDPM!n{J\r$liTiWp\nFFj\Zʀ3ҥF 1qsVխi#7YR\rbvL%N_d=:-R}̜}k̢rFy-I:\0nTK\'#mu;=|P]}k_B\nau&QK{X(AI=NNYS	Qd%O8oGՃ̧v=ns%9J#V4Rɻssֱs29Z\Zg2`ϚuD\"ṍ~kaLJC>KxngKk\\A\n_ў86\0X!(IIhLUګꚴ39T\"!9CLBKid`Uī{Tc*S֦n<1\0꾳bgҴtra9l̜JI*UxgŶN+kGͤNę^x\0}9a(FzѮ,xua(Ŵ,w߲cχ?8P\\`W!o5|5.8\0|_p5\00܏4\0s:\05q\0$f\0|`+秆?\ZP|-6˿/93	K!.T\0/92d\0f(ݎ#ܐ3_c\Z|dQ\0fE84lrEZ5B3Cq5LN+R-U$;ĻTb\r#O#gE)QꌡB^MJ$P5uiQT\Zq	Ug7-H346ci U$O#3J\rRpٚz9ʥOV^io{g#U~=	^\0@2ZGuszT9M{[q\\H#9VUw@n+<!-2٦HXMIF0g[n	o28y$\0}h񞍪Xjo<\Z}U#$B9G<>M6Qi>W?;riZdi5ҽɌMlA⛫@I]l_6h[XT\\LN~a#=Ö6 =Y4?tބ%9G8o\ZU{\'`t:k#w26cYeq\ZTQx(GN.i\'qPʞ\\-3/A]RT<iג\0{gm6Ñ@\";Ư/t˿sEGvͨ09<\0XsW\0H^#F<a\0uO]\0\0|2`f\0x~;;\\\\!`bM~2Kݯ\0\0#_Zq(ajQqPCf0&E?_زUE43Hu$TȤHoʐ1޵[K}+nBqSis3aԺWz)hvw~0%fcֲg.<Vu&<r1mxoV1jeN	UQ5i,VVHF8\\/S\\d:cN|%Q\'۵ze峹ɯ.vxzoY@\"N-Χ[\\)`Tm\nǶ+aŚIJF0k(uũh̿*V6]3^c34$Lq^k4Rm5|TnA\"k%z4S~Dϑ괏%(# k_tS;hfg*8݊JR8M-4e\0FFkO`\r	$)\0q*l\"sl6;)\0jQep1ەf<W)$!/\\<m9K5\rxv6,v\'s	^85\0j\ZmD칭cN̜#6mGv7@dO[=v6ݣyzWko_rDS0\0Hcj\Z\0_2@yϚy	ۈct/c\"D?9\0\rta=1| rx\rxKK\0NLuNMXȪ6A~j.\\򗽡21n)^9BSօ8sM(jC>\07ҵ,^QÌVJϵnYܣURe2L)i\'\rkiK(WN9?ƴ#+ۖ0Y W\\ֽz\"#>0<G:%>2iEnΉM\r\r2nk<\"ہ$k˼4%^ۤ1DNMe9\'3jS=#Nү+dܶGP++T;;J\"d\'F(\'Tsbũ[JZ[(k8.fgC)@HYBpӌz]Ij*C s!F]UU,ȋY2*B@O:мbCe\rO:/w0sֹpH=tZ\n2+Քc{qkVsZ`=k&-.D[oꖥ0EMH$6Cf3uV-JNjd.TJ\0Yk8jM7M˼`kӿc\\H\0?W4-¸_\"GW0L?\0/s#\0ú\r\"\Z:.%A\0[O1!ì#|r\0EY}ٜ\\b[wf]$!}~9\'?[Zj(1i+ W7鳬EU^U]hr]M+pT+FTQ<֕!+6uYAMocaO_j\rj[Xw5v6vڀ}+K]ݕ	(9\Z<KCNB7$>+KaBHQ\\3IZ4?t>\0ek5-s&_5PqGJQmQ=^őA>	x3q67xl:fBus=pܚެ9$i)\'{m%\"ހ߭_iːzWXizw@<+a2v\Z8g+GS\rVX?D\nMY0ZLY)ҵm9gJ; u_ޯ:S^5}k&ݏj\\֪5=,s}+Q+F@Y:(%R:jS.f#wڬx\'X\Z|6&|w՝}:	G=#.$\ngi95sfK,irG*+տcA]Xro\0m^a\'.AMz숪?h{ym^)>[\0eH>	]\0\r\0͜|^IOOuY_%W/C.zj[o8\0ƹe\0\0_yZ?935EaO9>)#p|Wpja!0+j́1R	B6n}\rfQVy\Zƪ[A\r޸.w+zWK]p+Q斆:{(\\[v?z>xm-UɋcVR58\rRwF.[Dɞ@kw,kidB]tpB\rJX	t_j	e	aeG#5%oq \\j8.kQ19h~ǝs)4hvd\0+SN;;1PECV8x>#\0t6C8wAWu<\\V\\e;ŝ48C7tQ\rv6B!$R	ɋR<q4I	把5~\rѤgε-,nFs.wJJnS,2qwE\"`\Ze.byFn5T-ХVe	(Cee5؆91i2MZ\rfLMkDд{=o{sEx]roͫmWzsFx]\0\0lڼ^.\'		ϊDx|\0=o7#\0h6\"Ol\'o93ЗԴl$:uP_J\0F_/> x.TkC|9e\0$|π\\/93h=k8ۀ\Zո[ǰ!S.\"=b|?cj)oVUէjce$rcN֯Ybp!KS^@\nq\\2+9\"mhtV+?5xıgk&vZR.YYr+oN*J֥ĥ՗pNIjpLwø\'ԡEX\"+XflFmoG@ɶ=mͅ#\"MJ\rcV1|HbBָ+VMl.s\\wf;;(M:V	%\0I)G5ڒ4bNj\'՛s}+YSˣgN\\ŷ}T)5i>>D\ZYW\"Xi}^.Igx\0ZцtUs6U959d-c;NYc՟4Řқs|JP봗nۊ.E#u@XzUIreck.iU3ץkhF|}*NI̑g&	RW<,;[W~j\0~~\0m^W\0ϊD\0Fh\00܏C\0O#\0mk\05O?<*\0,:X*\'_/\Z\0oݗ#<\n_rK\0NL|SXu)~ݧC2J0һ-bANRgS3euo%7yde[\Z˵fݻ5~:Zސ[DaD[ƛ{N~q9\'ѵ+&fUۊn͐s֪QQG]5w*+cqQ	#$VfN\n٥,3֖(V%E\\IL2Jǖ\ZVv$LdcnwpV+9-\r!rm3KcbcbkAz]݆gojpu=<fRu~+`߇pZV5SĹ?^79id3\\ޮ2u	.G?/ͽl	ǚ|?sFqlUW\0ȫq4A(1jea6gT\n+ǥ[}k*TӍOؖw͞=jI\'T~B#85roCԴ-85hH^EqZS5ʃ]w+6݋(xQ\0\r!S~?-cQٿ᤼*[WV|%[|U\0$|O\0r=\n&ψ`[=+o*\'I\0,:S|2KÜv_\\-Ƨ%\0&lzܸ҆qQ\"4-g*\"=zp?4u[5sʄTafj=5u<Alnү[J(ꞿa6hG>{(r]ɵsie]:ͽZɆd]#.I-˔4JjnnjG4>^j%KWfVʳYr\\g5\niv5q>$2>dj%2;x^Jo΢-~*\"uoSh铗Oo$y*xJU+Ys$UΤy5pIJ]C,bSӬ\'db\"c144msqDvY P5ZYyS	AKz\\NՕvd9lTؒoZkji~ЄTny	XuG\0n-\nU\ns[B\n55uԝfO<|*A-5??-)¯#8f[\0MaaWge\0fWP߀\0>.ÿZiREq$#2Gj\0bOڃ;@\0\080\\҄^2׿-wG>	el^>:Udy7rMigK\"rש؟\0Cq\0T?MQ\0moP\0\0cǼ\0#<?\0S.:gC9^\0\'HW\0}\0TO~?*p0\0a\0\Z@k\0\0G\0\r7J<wrpNk_tq_u1\0:\0տ?]m1+kP\0\0䍣\0#L?\0Ao09v\'8^Q\0$U\0\0u4OX??]Lf?l?#Hqkau?HĜO^z<mE8?\\X?\'W}<ؿq\nQ\0\0䋗2\0\0!,$z\09^	d(}<ؿ	bgS2E\0|c-k\0a\02wy\0\0*cZmA1^m|H[|Խ\0y\0\\8M?6O85v:\ZLN\rley56NZ4\0HۇGE\0Ro\0\0K5_CG$裔\0f+P)D\0H\0F?jۇKG\0GS^\0a\0n\0\0\0,+8q`\Z\'z~ד!+E\0=߶eP\0X(qO\n)Y\0D-o\\7\0=*	G,zկ	jvVײ/ \'\0z~J|\0\'͋\0?,8j?\"?u/8;,\r\0$y/\Za\0u?HĚ]́Eܣ\njA8\'z~߶ݜT8e/.QPt.?|YRB\0\0$p><o\0u?HaXEzi\"[\0x߶=R!G2/.[\\?x\'߆Wχvwet\"5\'\rk+z+KFR\Z%V\rRճx׍7ٍ*Y	JT+$jm$oD',0,'','0000-00-00','','','','',NULL,'Probationary'),(61,'2024-2829','KARDEL','KARDEL','','KARDEL@GGWP.COM',71,'KARDEL',8,'2024-11-30','KARDEL\n','30','\0JFIF\0\0\0\0\0\0\0C\0			\n\n\n\n\n\n	\n\n\n\0C\n\n\n\n\n\n\n\n\n\n\n\n\n\n\n\n\n\n\n\n\n\n\n\n\n\n\n\n\n\n\n\n\n\n\n\n\n\n\n\n\n\n\n\n\n\n\n\n\n\n\n\0\0\0\"\0\0\0\0\0\0\0\0\0\0\0\0	\n\0\0\0\0}\0!1AQa\"q2#BR$3br	\n\Z%&\'()*456789:CDEFGHIJSTUVWXYZcdefghijstuvwxyz\0\0\0\0\0\0\0\0	\n\0\0\0w\0!1AQaq\"2B	#3Rbr\n$4%\Z&\'()*56789:CDEFGHIJSTUVWXYZcdefghijstuvwxyz\0\0\0?\0(o\0/|9o\n|8ҵ*[e.d`P?\0@\\R\0}I|W?Q_\0W>ggVqit[%T?xÜ1rԭR2rDU$il|\0~1)\0Heq_\0J?/S\0?I\0-U\0&}\0?\0|5\0+T\0bc\0$_2ٰ0`?m\0B\0U?2?kC\0\0ɟz/g&<5\0?\\n+8®qK\n*%e\0f?	m\0\"u3\0_n7\0?.X[acM>oƧ!\0/S\0@_	?U\0&}g\0s|\'P\0RAo篁*\Z/\'UITKO\r\0_\n\0&i<\"o\\_L5:Z\0\0X/:஀z:{8yZ--b<%e\0f/R\0T?:\\Z?6\0-oq&Úm2ۂ}qRjŻsi8KE\0b2\0T?:-\0\0?:u[^\Z\0|ɨi`EN1ǼAcY	7\0T\0G\0U\0&}Wq\0-/(\rzj7/<$>xhcWŬJq+м.>xl\0T\0ȫ~1ʡ\0\0ϰ	<n*T\0^a\0$1\Z=8]QY/G\0\0ɜ	\0T?:\0QXBG応\'O\0|Af?\nPgɫlwɻiGu}۵d/E\0g4	ep\0gأ\n|,ѿ2Z_zWN4oU\rOY㹺\Z%\0e\0a\0+tW\n\0&}J੿f\0r]\'\n?4oz.\rN%23\nN@<vٕ,3޽G.4߄s-\n>p3CJ/z5][ǆ9\n>[ԧFi(M=gm\Z7\0еs\0\n*\0@\0еs\0S^\0e\0%\0*\0*SGi/\"ă*Vg뱵sW`Uhx8^#\"h0nWEmyIB)vtR9;RN&c鲡/Jjȧǌml-T݅ț1`MR3ֶ}K7H0ȫ66f1DصJ(.1[+=ktֳMJr5T_)i\n(9&#uMْCZɭȥMV-#2Ƴ/y8Rw7U\'VQmj1dU\r GJՕ\0ʲKֱM\n֑kKC;6_wzޟݻ:\\u[iylGaǭ{9|\0FLF|Eؾ	K\0C0o+O>IEX?7ҝfr٨c#T֥)=HB^~Ӿ\0j/ح\Zwk~\06+>?_\"Gqm\0\0@2?\0c(w\rr\0NL5+\0aZd:u,rkiJ4pEh[Ze? ]Z眍}*l	Owf|U@88*}UX#ԫ$>(@*sUxݲ.IszorNw^ƺXسT<*Bi\0~uQ&= MHBqn.j Nݶ`no^2tJ܍#)ȡp|AbKeVy\\7Vdy\rE&%@Hs^ewZe`?JmY3Ψv=ɩ @23VmƧB%zX4?[Wש~{$趯(paB#x|\0=o7#3\0%?-\\\0E|ja?Z\0Ҋp1_?]ɟ-3Kl\0ӳsb&@rW?bn#Z2+6՘ҴVSh1گE#jN=FE<-efҚEHh&1ڨNsVdsYr>hĬ9\"*Ҫ>9ksֈFFPDic԰F2\Zۻԛ^Ejޥ>^5_.ZB?:SC>]݌Q.A>qP2|ǽq*(Q5BJqaIъXnkBH?sFn7|҂ƶqV9Vmk!zՂǷs8k	_9\\Rf(j]Oj\'I.R?qڴ`|Ȋ=e\rº sϭp#I\'.nmyF)hIڽO,~Ӿ\0\0o^R_S$s\0/\0ھsR|![|U\0$|kٟ\0r(\0|^\0\0صs\0@@{_#(b+m_rgxBl\0ӓ&vޜhj#L\ZVP_$~ò\'\',~5apqNBQ(8#ԭWϵOu8rlu?J|jyQ~[\\\Z$jckCj崓eS(+WU\"\\K\\ĉՍ[BܵLchGs\n>5iwl˻ڱr救z߰Mc_;BޮNxd*u.q-}[\r&K@AcC+OI\"]}&vKHY\\TW\ZD?[P/*xJxٺ5*Lj\rڢp8wi_\nHu8~QZ\0C\rjU,0N?Tn&݀Za$vԏ;m]uSNlL.ztDTGP{tfìûal{.Ydf*&0r?\n_اNG<}[W3qU?\0O\0ڼ3#83_[\0Mȃր_8\0(m\\f\0\r<\Z?1_GrE|߃\0m\0NL\0_2}GQiT04	8ҹ?`܁r#8CwkxcTUx p\0ሬ)t5!$6e@2sWvr8W*rO1L\0s78o\\J;djv4S{U smd\r2]ǂeT&Fbfk\ZNް?UAQ[hA\\ކ&\'L+^VH+!%-NtkEPg /֕+rǗ\nԊ7rI=QOcK+*fp݄[B ugC`R_oP<ս5¹Ilǖcm#$S|?v;2qWf8Q/`9\'R0KޯVW;VFnWț k#Ulڀlh𭼐^_Z3˭*1zMOEo6|D	\"s#\0z8^?_\"G}	?y%^PJo>8<9p1>[gM_ɟ5/\\\0ӓ%v4;J0O&G}2Haz\0JW1ߴ09Tjs@rm|ZZ>8\\\0Ǒ){͒{SmUNr+B؀3JrI67Fr\'grbsWLƹ-+\\J6W\nM$R #Z&p;YԜ{VSքdtZfhEQZ`ڴ2D9ǽb+Rn-F#\"X{W-?$BDG>2ggJtĤpΕp:w$y\\WApLxE\r:I	Vs\ZKoƱ9v_/W؆۽C6c?Zk^(5ox$p5Ԑ<+T\"+C:AwjbAî*n`7bh?0:s[tbK{Pv5TΒhI?z@ҟڏ;oo{NУczGG\0H\0Fi\0`܋]|\n\0\\`x-ʜ/.boon8\0nl[oe\0\Z/_ݗFeO\0ӳ3Ts$Gj\ri@+%mOАq\0,#$ֵLCQp3c,K7Zi͌!_VNzvdaZv[ÀkF5<im&1=5:Hc3(?NkoYAIrdgf\'ښ@6di@o^.?tWn\\tB?T8\"/h^&):\Z{I*Xfziۥ}z<:)I2P\'\rf(c<{\\*3>þ2x>#9R9H	\\֕my3kǩ\nFiMhb$-ʸv7mTsP$[Fj3FN6K7;VƤ@|Ht0zU=\Zg,ԓE`v9vImDַբ-+8\0|ȫ;R6v^m\'F -P|=k?b<ڏ#o\0Ex_5.\0f[\0M\0Fρ]\0>?*ʿ<OQۏ_	j;Wx@\\\0x\nP_q7JH\rI:10!_^rņli;\0Ed[8Z6S25\ZCEQӆ$\n	{Ք1ZS5*J\'tdBQ@\"Iq|FGAS$S|ڜUa5/~qNʞ0xU~Ŧٜm|+#Q9\\R	\0\'jC.fݎ5dd~EPWeN?=c\'޳pMI\Z-yCJ׏X3:f;g#b}+ö2)@5Ӿޜ7,GaWh-ץ>Ki q?1tTnoy%vi$;䝏ުu\\f-V!͡\ZrEKu9<\Z$(C)M\ZZ)s޷tqW/.4Oua]jn8kM%b9W<\"3\01\0o^Lq\rzB| \0n5_\"GFi\0`܍.W|;p?=|#r+-O^2&pTxEe\0&xM/\0vfd5v݁WId-bHzF*`UcU\"VvAZeߌ+Fn֓sꌝ;98MN$InYqZ1a#G4cҫ!ER1WʚK0kB`\'J9\rh$ngP3§KP#HFV4:UO8\Z5{oS.wOo_pI;<sQhrEK~ҭjMp-Tqy-)[hdeQM2W\'4 #ޜЎP>RJR8@ʥK+7Luֶ\"+Xcj[:Y.;T&VSic+^\0]A[אͷ_<A[	f#?4[\0M,Y?|1?ھgLZxPG,}\0\0Lq?\0GWǋ\nwt5ɯr\0\0NLoj\\\0ӳ< yd!US.ǻҽzd\\3uCz6ɟGS|>pF;ըYJ2jωSydpMUCSʍDrP5N\'YN3%cuSB}Ug8<b)hp1>~%:dAV2c[6d\rj[b\nx:$Տy`@Hk7af5dp\\qC+Kb{I\'sycL\"qLըi/hH-3	⧇Ipv\\8`Z:G9mSЮO4*KCG9\\VeȺAdWqI3\\/<ֵ&ɰBS{NW9ZP\'ҩn$\\fy6%E`Fz$~>-MB{5TʎzuJ a\0VPtq]1R<*qY?gyoFM׭~q\0路)p`\0H^>l[\0MO,@\'_\0@)\0u|}q_ba\0?|\0P;B\\\0ӓ>3o	O\0NLk.1\'ެJu]w$zRȐijzy]Gkky-0ʅץ\Z	NA%=t\'tgbRHқ))V#TRy\'SG&>񩓹jH	\0b2\Z	u=*a*K߭fGM=sMjΑMH~^zMoX\")VUs5h[Jd:@gk\ZxGN:!(,\0fUaTM.zy\ZCɫFQM[CJsur%\\r\0}jc&	$+*Ui]Gar*m5\nzؚ\"+On8)<9xbͭmT\\,pVCn}id\'vMC3N\rZ%Ȑrk?a?:\0A[ב*kpj\0D[\0E=|%?_\"Gq=o7#?lį\0@)\0u|{y5J_\0?9_;\n\0o\0NL/^e_zL|ŀuTRrDjk7(<ti2jm7=h\nnOSZ^<[=D\Z`8ˆt5xzՈOV\\r`5a\'=\rug-4\\04o8nU|PBqOUVSSB0rFvd*m;t1rN24,n.qP6mUH`j{-JsZ6D\0)JQJũ4 W\nBNUɫK{Nj\rW>vɀ{VUEO޲Fvw*+.fgRz*qֻ[Q娍kuT&i猐GKBTaqVFHhYv1\'qBN0sE 	ҽcrߵAoenz(\0bu\0O_3O1LU\0$|o>n\0\0X+3\0\0:<a)_<1|.%֯oeMԶF\\wھeO\'^OGE\0W?`|?)BqTkߓ7t~cp_v[iԌexʬ#%ɽSkMu<qޚCq^`\0_U#~\095\0_~S\0HN<[S\0\0GH-G*29#ྤ8\0T?`o\0Oo/P\0\0p;\0\0S\0䏝>\"Ir✾s5_\0r>Q\0W\0?\05^\0\\e{hP\0\0䊏p5\0i\0\0#VRyO۽{b\03\0n5?\0ӇG#?]\'<\'P\0\0\0\0S\04jO&?\05o\0NO&~\0j._0\0a\0\rx5\05f2I{$_MqOW\0Ո?͋\0\0oF?l?\"%\0k\0\0#ǭW,Bc5NVT\0uq?|\0..%aC\0\05^ p\Z_5f|wGtr?:6\0{~ڏk\0PK\03c\0?o\nKWQ\0\0\0i\r\0\0GK*f:Ѝ	Y\'gy\0}<ؿu\0<O\0p(D8i\0\0#YnU{Ui{g;[Z5\0wsЋ~O5\0	.\\\r\0$d\0\0\0#/!cܸM&\r}?u*>jg͋\0\0jK)+U#=|ڗ,\r\0$eW8\Zu?H/s՛O\Zkv+qC޽nc\0a\0	nrN?]tό89LƇ\r\08\0\0\0G:݆!Z\'_-C%6ɩ\06?m?j,?]z-տ\0jǟ5\r;Jӵi#+N2p\"oxp:,}JTjX6ۃK^7n\rpncFeBR\n%VmrI$v#',0,'','0000-00-00','','','','',NULL,'Part-Time');

/*Table structure for table `admin` */

DROP TABLE IF EXISTS `admin`;

CREATE TABLE `admin` (
  `id` int(11) NOT NULL AUTO_INCREMENT,
  `username` varchar(50) NOT NULL,
  `password` varchar(255) NOT NULL,
  `password_decode` varchar(255) DEFAULT NULL,
  PRIMARY KEY (`id`) USING BTREE
) ENGINE=InnoDB AUTO_INCREMENT=4 DEFAULT CHARSET=utf8mb4 COLLATE=utf8mb4_general_ci ROW_FORMAT=DYNAMIC;

/*Data for the table `admin` */

insert  into `admin`(`id`,`username`,`password`,`password_decode`) values (1,'admin','$2y$10$vtj3lvgROA.ecVm2oI2YnOrlhFzn1jNE/sMk72HTTH.ymfaBol9jW','123123'),(3,'kingpogi','$2y$10$vtj3lvgROA.ecVm2oI2YnOrlhFzn1jNE/sMk72HTTH.ymfaBol9jW','123123');

/*Table structure for table `attendance` */

DROP TABLE IF EXISTS `attendance`;

CREATE TABLE `attendance` (
  `id` int(11) NOT NULL AUTO_INCREMENT,
  `employee_no` varchar(50) NOT NULL,
  `date` date NOT NULL,
  `clock_in` datetime NOT NULL,
  `clock_out` datetime NOT NULL,
  `status` varchar(20) NOT NULL,
  `worked_time` time NOT NULL,
  `overtime` time NOT NULL,
  PRIMARY KEY (`id`) USING BTREE,
  KEY `employee_no` (`employee_no`) USING BTREE
) ENGINE=InnoDB AUTO_INCREMENT=8 DEFAULT CHARSET=utf8mb4 COLLATE=utf8mb4_general_ci ROW_FORMAT=DYNAMIC;

/*Data for the table `attendance` */

insert  into `attendance`(`id`,`employee_no`,`date`,`clock_in`,`clock_out`,`status`,`worked_time`,`overtime`) values (4,'EMP-2358','2024-11-15','2024-11-15 08:00:00','2024-11-15 17:19:58','Present','08:00:00','00:00:00'),(5,'EMP-3475','2024-11-15','0000-00-00 00:00:00','0000-00-00 00:00:00','Absent','00:00:00','00:00:00'),(6,'EMP-6601','2024-11-15','2024-11-15 08:00:00','2024-11-15 17:53:26','Late','08:00:00','00:00:00'),(7,'EMP-6601','2024-11-15','2024-11-16 08:00:00','2024-11-16 17:53:26','Late','08:00:00','00:00:00');

/*Table structure for table `attendance_report` */

DROP TABLE IF EXISTS `attendance_report`;

CREATE TABLE `attendance_report` (
  `id` int(11) NOT NULL AUTO_INCREMENT,
  `employee_no` varchar(20) NOT NULL,
  `employee_name` varchar(100) NOT NULL,
  `status` enum('Present','Late','Absent') NOT NULL,
  `date` date NOT NULL,
  `time_in` time DEFAULT NULL,
  `time_out` time DEFAULT NULL,
  `actual_time` time DEFAULT NULL,
  `worked_time` time NOT NULL,
  `overtime` time NOT NULL,
  `is_paid` int(11) DEFAULT 0,
  PRIMARY KEY (`id`) USING BTREE,
  UNIQUE KEY `employee_no` (`employee_no`,`date`) USING BTREE,
  CONSTRAINT `attendance_report_ibfk_1` FOREIGN KEY (`employee_no`) REFERENCES `adding_employee` (`employee_no`)
) ENGINE=InnoDB AUTO_INCREMENT=15 DEFAULT CHARSET=utf8mb4 COLLATE=utf8mb4_general_ci ROW_FORMAT=DYNAMIC;

/*Data for the table `attendance_report` */

insert  into `attendance_report`(`id`,`employee_no`,`employee_name`,`status`,`date`,`time_in`,`time_out`,`actual_time`,`worked_time`,`overtime`,`is_paid`) values (3,'EMP-6601','King Mark Yu','Present','2024-11-15','08:00:00','17:53:26','08:00:00','00:00:00','00:00:00',0),(4,'EMP-6601','King Mark Yu','Present','2024-11-16','08:00:00','17:53:26','08:00:00','00:00:00','00:00:00',0),(5,'EMP-6601','King Mark Yu','Absent','2024-11-23','08:00:00','17:53:26','08:00:00','00:00:00','00:00:00',0),(6,'EMP-6601','King Mark Yu','Late','2024-11-18','08:00:00','17:53:26','08:00:00','00:00:00','00:00:00',0),(7,'EMP-3475','Janine Mariano','Late','2024-11-15','08:00:00','17:53:26','08:00:00','00:00:00','00:00:00',1),(8,'EMP-3475','Janine Mariano','Late','2024-11-16','08:00:00','17:53:26','08:00:00','00:00:00','00:00:00',1),(9,'EMP-3475','Janine Mariano','Present','2024-11-17','08:00:00','17:53:26','08:00:00','00:00:00','00:00:00',1),(10,'EMP-3475','Janine Mariano','Present','2024-11-18','08:00:00','19:53:26','08:00:00','00:00:00','00:00:00',1),(11,'EMP-3475','Janine Mariano','Present','2024-11-23','08:00:00','18:00:00','08:00:00','00:00:00','00:00:00',1);

/*Table structure for table `cash_advance` */

DROP TABLE IF EXISTS `cash_advance`;

CREATE TABLE `cash_advance` (
  `cash_advance_id` int(11) NOT NULL AUTO_INCREMENT,
  `employee_no` varchar(11) NOT NULL,
  `requested_amount` decimal(10,2) NOT NULL,
  `paid_amount` decimal(11,2) DEFAULT NULL,
  `remaining_balance` decimal(11,2) DEFAULT NULL,
  `status` enum('Pending','Approved','Partially Paid','Paid','Declined') DEFAULT 'Pending',
  `request_date` timestamp NOT NULL DEFAULT current_timestamp(),
  `payment_date` timestamp NULL DEFAULT NULL,
  `months` int(11) DEFAULT NULL,
  `id` int(11) DEFAULT NULL,
  `monthly_payment` decimal(11,2) DEFAULT NULL,
  PRIMARY KEY (`cash_advance_id`) USING BTREE
) ENGINE=InnoDB AUTO_INCREMENT=14 DEFAULT CHARSET=utf8mb4 COLLATE=utf8mb4_general_ci ROW_FORMAT=DYNAMIC;

/*Data for the table `cash_advance` */

insert  into `cash_advance`(`cash_advance_id`,`employee_no`,`requested_amount`,`paid_amount`,`remaining_balance`,`status`,`request_date`,`payment_date`,`months`,`id`,`monthly_payment`) values (12,'EMP-3475','3000.00',NULL,'0.00','Paid','2024-11-29 12:24:35',NULL,4,39,'750.00');

/*Table structure for table `department` */

DROP TABLE IF EXISTS `department`;

CREATE TABLE `department` (
  `department_id` int(11) NOT NULL AUTO_INCREMENT,
  `department_name` varchar(255) DEFAULT NULL,
  PRIMARY KEY (`department_id`) USING BTREE
) ENGINE=InnoDB AUTO_INCREMENT=9 DEFAULT CHARSET=utf8mb4 COLLATE=utf8mb4_general_ci ROW_FORMAT=DYNAMIC;

/*Data for the table `department` */

insert  into `department`(`department_id`,`department_name`) values (2,'Project Management Department'),(4,'Construction Design Department'),(5,'Human Resources & Administration Department'),(6,'Finance & Accounting Department'),(8,'Operations Department');

/*Table structure for table `payroll` */

DROP TABLE IF EXISTS `payroll`;

CREATE TABLE `payroll` (
  `id` int(11) NOT NULL AUTO_INCREMENT,
  `employee_no` varchar(255) NOT NULL,
  `rate_per_hour` decimal(10,2) DEFAULT NULL,
  `basic_per_day` decimal(10,2) DEFAULT NULL,
  `number_of_days` int(11) DEFAULT NULL,
  `total_hours` decimal(10,2) DEFAULT NULL,
  `gross_pay` decimal(10,2) DEFAULT NULL,
  `sss` decimal(10,2) DEFAULT NULL,
  `philhealth` decimal(10,2) DEFAULT NULL,
  `pagibig` decimal(10,2) DEFAULT NULL,
  `total_deductions` decimal(10,2) DEFAULT NULL,
  `cash_advance` decimal(10,2) DEFAULT NULL,
  `cash_advance_pay` decimal(10,2) DEFAULT NULL,
  `net_pay` decimal(10,2) DEFAULT NULL,
  `payment_date` date DEFAULT NULL,
  `total_overtime_hours` int(11) DEFAULT NULL,
  PRIMARY KEY (`id`) USING BTREE
) ENGINE=InnoDB AUTO_INCREMENT=109 DEFAULT CHARSET=utf8mb4 COLLATE=utf8mb4_general_ci ROW_FORMAT=DYNAMIC;

/*Data for the table `payroll` */

insert  into `payroll`(`id`,`employee_no`,`rate_per_hour`,`basic_per_day`,`number_of_days`,`total_hours`,`gross_pay`,`sss`,`philhealth`,`pagibig`,`total_deductions`,`cash_advance`,`cash_advance_pay`,`net_pay`,`payment_date`,`total_overtime_hours`) values (59,'EMP-3475','99.00','792.00',4,'32.00','3.00','500.00','200.00','250.00','950.00','4000.00','1333.00','885.00','2024-11-19',NULL),(60,'EMP-3475','99.00','792.00',4,'32.00','3.00','500.00','200.00','250.00','950.00','4000.00','1333.00','885.00','2024-11-19',NULL),(61,'EMP-3475','99.00','792.00',4,'32.00','3.00','500.00','200.00','250.00','950.00','4000.00','1333.33','884.67','2024-11-19',NULL),(62,'EMP-3475','99.00','792.00',4,'32.00','3.00','500.00','200.00','250.00','950.00','4000.00','1333.33','884.67','2024-11-19',NULL),(63,'EMP-3475','99.00','792.00',4,'32.00','3.00','500.00','200.00','250.00','950.00','4000.00','1333.00','885.00','2024-11-19',NULL),(64,'EMP-3475','99.00','792.00',4,'32.00','3.00','500.00','200.00','250.00','950.00','4000.00','1333.00','885.00','2024-11-19',NULL),(65,'EMP-3475','99.00','792.00',0,'0.00','0.00','500.00','200.00','250.00','950.00','4000.00','1333.00','-2283.00','2024-11-19',NULL),(66,'EMP-3475','99.00','792.00',4,'32.00','3.00','500.00','200.00','250.00','950.00','4000.00','1333.33','884.67','2024-11-19',NULL),(67,'EMP-3475','99.00','792.00',0,'0.00','0.00','500.00','200.00','250.00','950.00','4000.00','1333.33','-2283.33','2024-11-19',NULL),(68,'EMP-3475','99.00','792.00',0,'0.00','0.00','500.00','200.00','250.00','950.00','4000.00','1333.33','-2283.33','2024-11-19',NULL),(69,'EMP-3475','99.00','792.00',0,'0.00','0.00','500.00','200.00','250.00','950.00','4000.00','1333.33','-2283.33','2024-11-19',NULL),(70,'EMP-3475','99.00','792.00',0,'0.00','0.00','500.00','200.00','250.00','950.00','4000.00','1333.33','-2283.33','2024-11-19',NULL),(71,'EMP-3475','99.00','792.00',0,'0.00','0.00','500.00','200.00','250.00','950.00','4000.00','1333.33','-2283.33','2024-11-19',NULL),(72,'EMP-3475','99.00','792.00',0,'0.00','0.00','500.00','200.00','250.00','950.00','4000.00','1333.33','-2283.33','2024-11-19',NULL),(73,'EMP-3475','99.00','792.00',0,'0.00','0.00','500.00','200.00','250.00','950.00','4000.00','1333.33','-2283.33','2024-11-19',NULL),(74,'EMP-3475','99.00','792.00',0,'0.00','0.00','500.00','200.00','250.00','950.00','4000.00','1333.33','-2283.33','2024-11-19',NULL),(75,'EMP-3475','99.00','792.00',0,'0.00','0.00','500.00','200.00','250.00','950.00','4000.00','1333.33','-2283.33','2024-11-19',NULL),(76,'EMP-3475','99.00','792.00',0,'0.00','0.00','500.00','200.00','250.00','950.00','4000.00','1333.33','-2283.33','2024-11-19',NULL),(77,'EMP-3475','99.00','792.00',0,'0.00','0.00','500.00','200.00','250.00','950.00','4000.00','1333.33','-2283.33','2024-11-19',NULL),(78,'EMP-3475','99.00','792.00',0,'0.00','0.00','500.00','200.00','250.00','950.00','4000.00','1333.33','-2283.33','2024-11-19',NULL),(79,'EMP-3475','99.00','792.00',0,'0.00','0.00','500.00','200.00','250.00','950.00','4000.00','1333.33','-2283.33','2024-11-19',NULL),(80,'EMP-3475','99.00','792.00',4,'32.00','3.00','500.00','200.00','250.00','950.00','0.00','0.00','2504.11','2024-11-19',NULL),(81,'EMP-3475','99.00','792.00',0,'0.00','0.00','500.00','200.00','250.00','950.00','4000.00','1333.33','-2283.33','2024-11-19',NULL),(82,'EMP-3475','99.00','792.00',0,'0.00','0.00','500.00','200.00','250.00','950.00','4000.00','1333.33','-2283.33','2024-11-19',NULL),(83,'EMP-3475','99.00','792.00',0,'0.00','0.00','500.00','200.00','250.00','950.00','4000.00','1333.33','-2283.33','2024-11-19',NULL),(84,'EMP-3475','750.00','6000.00',2,'16.00','13.00','0.00','0.00','0.00','0.00','3000.00','750.00','12667.50','2024-11-29',NULL),(85,'EMP-3475','750.00','6000.00',0,'0.00','0.00','0.00','0.00','0.00','0.00','3000.00','250.00','-750.00','2024-11-29',NULL),(86,'EMP-3475','750.00','6000.00',5,'40.00','31.00','0.00','0.00','0.00','0.00','3000.00','1150.00','28667.50','2024-11-29',NULL),(87,'EMP-3475','750.00','6000.00',0,'0.00','0.00','0.00','0.00','0.00','0.00','3000.00','750.00','-750.00','2024-11-29',NULL),(88,'EMP-3475','750.00','6000.00',0,'0.00','0.00','0.00','0.00','0.00','0.00','3000.00','100.00','-850.00','2024-11-29',NULL),(89,'EMP-3475','750.00','6000.00',0,'0.00','0.00','0.00','0.00','0.00','0.00','3000.00','100.00','-850.00','2024-11-29',NULL),(90,'EMP-3475','750.00','6000.00',0,'0.00','0.00','0.00','0.00','0.00','0.00','3000.00','750.00','-750.00','2024-11-29',NULL),(91,'EMP-3475','750.00','6000.00',0,'0.00','0.00','0.00','0.00','0.00','0.00','3000.00','2240.00','-2990.00','2024-11-29',NULL),(92,'EMP-3475','750.00','6000.00',5,'40.00','31.00','0.00','0.00','0.00','0.00','3000.00','2900.00','27767.50','2024-11-29',NULL),(93,'EMP-3475','750.00','6000.00',0,'0.00','0.00','0.00','0.00','0.00','0.00','3000.00','100.00','-850.00','2024-11-29',NULL),(94,'EMP-3475','750.00','6000.00',0,'0.00','0.00','0.00','0.00','0.00','0.00','3000.00','2800.00','-3550.00','2024-11-29',NULL),(95,'EMP-3475','750.00','6000.00',0,'0.00','0.00','0.00','0.00','0.00','0.00','3000.00','2900.00','-3650.00','2024-11-29',NULL),(96,'EMP-3475','750.00','6000.00',0,'0.00','0.00','0.00','0.00','0.00','0.00','3000.00','750.00','-750.00','2024-11-29',NULL),(97,'EMP-3475','750.00','6000.00',0,'0.00','0.00','0.00','0.00','0.00','0.00','3000.00','750.00','-750.00','2024-11-29',NULL),(98,'EMP-3475','750.00','6000.00',0,'0.00','0.00','0.00','0.00','0.00','0.00','3000.00','750.00','-750.00','2024-11-29',NULL),(99,'EMP-3475','750.00','6000.00',0,'0.00','0.00','0.00','0.00','0.00','0.00','3000.00','2800.00','-2800.00','2024-11-29',NULL),(100,'EMP-3475','750.00','6000.00',0,'0.00','0.00','0.00','0.00','0.00','0.00','3000.00','3000.00','-3000.00','2024-11-29',NULL),(101,'EMP-3475','750.00','6000.00',0,'0.00','0.00','0.00','0.00','0.00','0.00','3000.00','0.00','0.00','2024-11-29',NULL),(102,'EMP-3475','750.00','6000.00',0,'0.00','0.00','0.00','0.00','0.00','0.00','3000.00','100.00','-100.00','2024-11-29',NULL),(103,'EMP-3475','750.00','6000.00',0,'0.00','0.00','0.00','0.00','0.00','0.00','3000.00','0.00','0.00','2024-11-29',NULL),(104,'EMP-3475','750.00','6000.00',0,'0.00','0.00','0.00','0.00','0.00','0.00','3000.00','3000.00','-3000.00','2024-11-29',NULL),(105,'EMP-3475','750.00','6000.00',0,'0.00','0.00','0.00','0.00','0.00','0.00','3000.00','2500.00','-2500.00','2024-11-29',NULL),(106,'EMP-3475','750.00','6000.00',0,'0.00','0.00','0.00','0.00','0.00','0.00','3000.00','2500.00','-2500.00','2024-11-29',NULL),(107,'EMP-3475','750.00','6000.00',0,'0.00','0.00','0.00','0.00','0.00','0.00','3000.00','500.00','-500.00','2024-11-29',NULL),(108,'EMP-3475','750.00','6000.00',0,'0.00','0.00','0.00','0.00','0.00','0.00','3000.00','3000.00','-3000.00','2024-11-29',NULL);

/*Table structure for table `rate_position` */

DROP TABLE IF EXISTS `rate_position`;

CREATE TABLE `rate_position` (
  `rate_id` int(11) NOT NULL AUTO_INCREMENT,
  `rate_position` varchar(255) DEFAULT NULL,
  `rate_per_hour` decimal(11,2) DEFAULT NULL,
  `rate_per_day` decimal(11,2) DEFAULT NULL,
  `ot_per_hour` decimal(10,2) DEFAULT NULL,
  `department_id` int(11) DEFAULT NULL,
  PRIMARY KEY (`rate_id`) USING BTREE
) ENGINE=InnoDB AUTO_INCREMENT=35 DEFAULT CHARSET=utf8mb4 COLLATE=utf8mb4_general_ci ROW_FORMAT=DYNAMIC;

/*Data for the table `rate_position` */

insert  into `rate_position`(`rate_id`,`rate_position`,`rate_per_hour`,`rate_per_day`,`ot_per_hour`,`department_id`) values (10,'Chief Financial Officer (CFO)',NULL,NULL,NULL,6),(11,'Accountant',NULL,NULL,NULL,6),(12,'Accounts Payable/Receivable Specialist',NULL,NULL,NULL,6),(13,'Financial Analyst',NULL,NULL,NULL,6),(14,'Tax Specialist',NULL,NULL,NULL,6),(15,'HR Manager',NULL,NULL,NULL,5),(16,'Recruitment Officer',NULL,NULL,NULL,5),(17,'Payroll Administrator',NULL,NULL,NULL,5),(18,'Admin Manager',NULL,NULL,NULL,5),(19,'Training & Development Officer',NULL,NULL,NULL,5),(20,'Lead Architect',NULL,NULL,NULL,4),(21,'Civil Engineer',NULL,NULL,NULL,4),(22,'Structural Engineer',NULL,NULL,NULL,4),(23,'MEP (Mechanical, Electrical, Plumbing) Engineer',NULL,NULL,NULL,4),(24,'Draftsman',NULL,NULL,NULL,4),(25,'Operations Manager',NULL,NULL,NULL,8),(26,'Field Engineer',NULL,NULL,NULL,8),(27,'Safety Officer',NULL,NULL,NULL,8),(28,'Quality Control Officer',NULL,NULL,NULL,8),(29,'Logistics Coordinator Department',NULL,NULL,NULL,8),(30,'Project Manager',NULL,NULL,NULL,2),(31,'Construction Supervisor',NULL,NULL,NULL,2),(32,'Cost Estimator',NULL,NULL,NULL,2),(33,'Project Coordinator',NULL,NULL,NULL,2),(34,'Scheduler',NULL,NULL,NULL,2);

/*Table structure for table `under_position` */

DROP TABLE IF EXISTS `under_position`;

CREATE TABLE `under_position` (
  `rate_id` int(11) NOT NULL AUTO_INCREMENT,
  `rate_position` varchar(255) DEFAULT NULL,
  `rate_per_hour` decimal(11,2) DEFAULT NULL,
  `rate_per_day` decimal(11,2) DEFAULT NULL,
  `ot_per_hour` decimal(11,2) DEFAULT NULL,
  `position_id` int(11) DEFAULT NULL,
  PRIMARY KEY (`rate_id`) USING BTREE
) ENGINE=InnoDB AUTO_INCREMENT=91 DEFAULT CHARSET=utf8mb4 COLLATE=utf8mb4_general_ci ROW_FORMAT=DYNAMIC;

/*Data for the table `under_position` */

insert  into `under_position`(`rate_id`,`rate_position`,`rate_per_hour`,`rate_per_day`,`ot_per_hour`,`position_id`) values (14,'Senior Position','80.00','800.00',NULL,1),(15,'Junior Position','70.00','700.00',NULL,1),(16,'Senior CFO','750.00','6000.00',NULL,10),(17,'CFO','500.00','4000.00',NULL,10),(18,'Assistant CFO','300.00','2400.00',NULL,10),(19,'Senior Accountant','250.00','2000.00',NULL,11),(20,'Accountant','175.00','1400.00',NULL,11),(21,'Junior Accountant','125.00','1000.00',NULL,11),(22,'Senior Accounts Specialist','250.00','2000.00',NULL,12),(23,'Accounts Specialist','175.00','1400.00',NULL,12),(24,'Junior Accounts Specialist','125.00','1000.00',NULL,12),(25,'Senior Financial Analyst','275.00','2200.00',NULL,13),(26,'Financial Analyst','200.00','1600.00',NULL,13),(27,'Junior Financial Analyst','125.00','1000.00',NULL,13),(28,'Senior Tax Specialist','300.00','2400.00',NULL,14),(29,'Tax Specialist','225.00','1800.00',NULL,14),(30,'Junior Tax Specialist','150.00','1200.00',NULL,14),(31,'Senior HR Manager','350.00','2800.00',NULL,15),(32,'HR Manager','250.00','2000.00',NULL,15),(33,'HR Assistant','120.00','1000.00',NULL,15),(34,'Senior Recruitment Officer','250.00','2000.00',NULL,16),(35,'Recruitment Officer','200.00','1600.00',NULL,16),(36,'Junior Recruitment Officer','125.00','1000.00',NULL,16),(37,'Senior Payroll Administrator','250.00','2000.00',NULL,17),(38,'Payroll Administrator','175.00','1400.00',NULL,17),(39,'Payroll Assistant','125.00','1000.00',NULL,17),(40,'Senior Admin Manager','300.00','2400.00',NULL,18),(41,'Admin Manager','200.00','1600.00',NULL,18),(42,'Admin Assistant','100.00','800.00',NULL,18),(43,'Senior Training Officer','250.00','2000.00',NULL,19),(44,'Training Officer','200.00','1600.00',NULL,19),(45,'Junior Training Officer','125.00','1000.00',NULL,19),(46,'Senior Architect','350.00','2800.00',NULL,20),(47,'Architect','250.00','2000.00',NULL,20),(48,'Junior Architect','175.00','1400.00',NULL,20),(49,'Senior Civil Engineer','325.00','2600.00',NULL,21),(50,'Civil Engineer','250.00','2000.00',NULL,21),(51,'Junior Civil Engineer','175.00','1400.00',NULL,21),(52,'Senior Structural Engineer','350.00','2800.00',NULL,22),(53,'Structural Engineer','275.00','2200.00',NULL,22),(54,'Junior Structural Engineer','175.00','1400.00',NULL,22),(55,'Senior MEP Engineer','350.00','2800.00',NULL,23),(56,'MEP Engineer','250.00','2000.00',NULL,23),(57,'Junior MEP Engineer','175.00','1400.00',NULL,23),(58,'Senior Draftsman','225.00','1800.00',NULL,24),(59,'Draftsman','150.00','1200.00',NULL,24),(60,'Junior Draftsman','150.00','1200.00',NULL,24),(61,'Senior Operations Manager','500.00','4000.00',NULL,25),(62,'Operations Manager','350.00','2800.00',NULL,25),(63,'Assistant Operations Manager','200.00','1600.00',NULL,25),(64,'Senior Field Engineer','350.00','2800.00',NULL,26),(65,'Field Engineer','250.00','2000.00',NULL,26),(66,'Junior Field Engineer','175.00','1400.00',NULL,26),(67,'Senior Safety Officer','300.00','2400.00',NULL,27),(68,'Safety Officer','225.00','1800.00',NULL,27),(69,'Junior Safety Officer','150.00','1200.00',NULL,27),(70,'Senior Quality Control Officer','300.00','2400.00',NULL,28),(71,'Quality Control Officer','225.00','1800.00',NULL,28),(72,'Junior Quality Control Officer','150.00','1200.00',NULL,28),(73,'Senior Logistics Coordinator','300.00','2400.00',NULL,29),(74,'Logistics Coordinato','225.00','1800.00',NULL,29),(75,'Junior Logistics Coordinator','150.00','1200.00',NULL,29),(76,'Senior Project Manager','400.00','3200.00',NULL,30),(77,'Project Manager','300.00','2400.00',NULL,30),(78,'Assistant Project Manager','300.00','2400.00',NULL,30),(79,'Senior Construction Supervisor','300.00','2400.00',NULL,31),(80,'Construction Supervisor','225.00','1800.00',NULL,31),(81,'Junior Construction Supervisor','150.00','1200.00',NULL,31),(82,'Senior Estimator','350.00','2800.00',NULL,32),(83,'Estimator','250.00','2000.00',NULL,32),(84,'Junior Estimato','175.00','1400.00',NULL,32),(85,'Senior Project Coordinator','275.00','2200.00',NULL,33),(86,'Project Coordinator','200.00','1600.00',NULL,33),(87,'Assistant Project Coordinator','125.00','1000.00',NULL,33),(88,'Senior Scheduler','300.00','2400.00',NULL,34),(89,'Scheduler','225.00','1800.00',NULL,34),(90,'Junior Scheduler','150.00','1200.00',NULL,34);

/*!40101 SET SQL_MODE=@OLD_SQL_MODE */;
/*!40014 SET FOREIGN_KEY_CHECKS=@OLD_FOREIGN_KEY_CHECKS */;
/*!40014 SET UNIQUE_CHECKS=@OLD_UNIQUE_CHECKS */;
/*!40111 SET SQL_NOTES=@OLD_SQL_NOTES */;
